0.01, 34.7375, 0.0000
0.03, 34.6027, -6.8591
0.05, 34.3789, -6.8591
0.07, 34.2736, -8.0634
0.09, 34.1404, -7.3199
0.11, 34.0349, -6.9743
0.13, 33.8769, -6.5031
0.15, 33.7653, -6.8591
0.17, 33.6825, -6.4926
0.19, 33.5432, -5.7072
0.21, 33.4639, -6.0842
0.23, 33.3969, -5.3512
0.25, 33.2598, -4.7647
0.27, 33.1802, -5.3407
0.29, 33.1500, -4.9009
0.31, 33.0863, -3.8327
0.33, 32.9862, -3.6024
0.35, 32.9220, -4.0317
0.37, 32.9156, -3.7490
0.39, 32.8740, -2.6389
0.41, 32.8259, -2.4504
0.43, 32.8012, -2.4190
0.45, 32.7839, -2.0420
0.47, 32.7551, -1.6546
0.49, 32.7273, -1.5708
0.51, 32.7089, -1.4870
0.53, 32.7062, -1.3090
0.55, 32.7064, -0.9111
0.57, 32.7070, -0.6074
0.59, 32.7116, -0.4084
0.61, 32.7377, -0.1780
0.63, 32.7687, 0.2932
0.65, 32.8182, 0.7330
0.67, 32.8637, 1.2671
0.69, 32.9126, 1.6022
0.71, 32.9712, 1.8954
0.73, 33.0184, 2.2201
0.75, 33.0780, 2.2724
0.77, 33.1544, 2.4923
0.79, 33.2667, 2.9426
0.81, 33.3348, 3.7490
0.83, 33.4428, 3.6652
0.85, 33.6372, 4.2935
0.87, 33.7137, 5.9795
0.89, 33.7592, 5.3407
0.91, 33.9256, 4.3878
0.93, 34.0234, 5.5187
0.95, 34.1126, 5.3826
0.97, 34.2688, 5.0894
0.99, 34.3517, 5.9167
1.01, 34.4828, 5.4035
1.03, 34.6180, 5.6968
1.05, 34.7118, 6.0633
1.07, 34.8847, 5.6549
1.09, 34.9766, 6.4507
1.11, 35.1206, 6.0004
1.13, 35.2474, 6.2937
1.15, 35.3781, 6.3355
1.17, 35.5367, 6.3565
1.19, 35.6408, 6.8591
1.21, 35.8194, 6.3565
1.23, 35.9244, 7.0791
1.25, 36.0982, 6.5555
1.27, 36.2236, 7.1942
1.29, 36.3785, 6.8696
1.31, 36.5196, 7.1524
1.33, 36.6761, 7.1419
1.35, 36.8326, 7.3094
1.37, 36.9639, 7.4979
1.39, 37.1392, 7.2885
1.41, 37.2897, 7.6445
1.43, 37.4516, 7.5817
1.45, 37.6032, 7.7597
1.47, 37.7664, 7.7283
1.49, 37.9294, 7.8540
1.51, 38.0960, 7.9273
1.53, 38.2600, 8.0634
1.55, 38.4207, 8.0739
1.57, 38.6082, 8.1263
1.59, 38.7541, 8.3881
1.61, 38.9513, 8.1786
1.63, 39.0903, 8.5451
1.65, 39.3070, 8.2100
1.67, 39.4427, 8.8383
1.69, 39.6475, 8.2729
1.71, 39.7990, 8.8383
1.73, 39.9967, 8.5242
1.75, 40.1710, 8.9012
1.77, 40.3388, 8.7755
1.79, 40.5459, 8.7441
1.81, 40.6981, 9.1735
1.83, 40.9106, 8.7650
1.85, 41.0738, 9.1630
1.87, 41.2694, 9.0164
1.89, 41.4676, 9.1735
1.91, 41.6281, 9.2677
1.93, 41.8450, 9.0059
1.95, 42.0279, 9.4981
1.97, 42.2013, 9.2991
1.99, 42.4245, 9.2258
2.01, 42.5859, 9.6656
2.03, 42.7952, 9.3201
2.05, 42.9840, 9.5086
2.07, 43.1716, 9.5819
2.09, 43.3792, 9.5086
2.11, 43.5645, 9.7075
2.13, 43.7631, 9.6028
2.15, 43.9625, 9.6866
2.17, 44.1462, 9.7704
2.19, 44.3639, 9.5923
2.21, 44.5512, 9.9170
2.23, 44.7434, 9.7285
2.25, 44.9643, 9.6552
2.27, 45.1407, 10.0636
2.29, 45.3501, 9.7075
2.31, 45.5639, 9.8122
2.33, 45.7276, 10.0740
2.35, 45.9625, 9.6552
2.37, 46.1516, 10.0426
2.39, 46.3409, 9.9798
2.41, 46.5614, 9.7599
2.43, 46.7547, 10.0950
2.45, 46.9464, 10.0112
2.47, 47.1660, 9.9170
2.49, 47.3451, 10.0950
2.51, 47.5581, 9.8960
2.53, 47.7644, 10.0007
2.55, 47.9483, 10.0531
2.57, 48.1623, 9.8332
2.59, 48.3742, 10.1159
2.61, 48.5409, 10.0845
2.63, 48.7765, 9.7285
2.65, 48.9646, 10.1264
2.67, 49.1420, 9.9798
2.69, 49.3763, 9.7180
2.71, 49.5541, 10.1788
2.73, 49.7497, 9.8646
2.75, 49.9656, 9.7913
2.77, 50.1497, 10.0740
2.79, 50.3474, 9.7599
2.81, 50.5635, 9.8122
2.83, 50.7374, 10.0007
2.85, 50.9506, 9.6342
2.87, 51.1422, 9.8541
2.89, 51.3245, 9.7808
2.91, 51.5345, 9.6447
2.93, 51.7084, 9.8646
2.95, 51.9263, 9.4667
2.97, 52.1017, 9.8646
2.99, 52.2860, 9.5400
3.01, 52.5040, 9.4771
3.03, 52.6601, 9.7599
3.05, 52.8703, 9.2886
3.07, 53.0555, 9.4771
3.09, 53.2269, 9.4771
3.11, 53.4407, 9.2363
3.13, 53.5932, 9.4667
3.15, 53.8053, 9.1106
3.17, 53.9757, 9.3515
3.19, 54.1477, 9.1316
3.21, 54.3540, 8.9326
3.23, 54.5040, 9.3410
3.25, 54.7055, 8.8488
3.27, 54.8582, 9.1211
3.29, 55.0630, 8.8069
3.31, 55.2238, 9.0059
3.33, 55.3928, 8.8069
3.35, 55.5857, 8.5661
3.37, 55.7351, 8.8802
3.39, 55.9165, 8.4718
3.41, 56.0679, 8.6499
3.43, 56.2587, 8.3147
3.45, 56.4006, 8.6499
3.47, 56.5811, 8.1681
3.49, 56.7280, 8.4090
3.51, 56.9166, 8.0844
3.53, 57.0463, 8.3462
3.55, 57.2238, 7.8749
3.57, 57.3615, 8.1367
3.59, 57.5448, 7.7283
3.61, 57.6608, 8.0425
3.63, 57.8520, 7.4456
3.65, 57.9621, 7.9587
3.67, 58.1527, 7.2885
3.69, 58.2622, 7.9482
3.71, 58.4342, 7.1105
3.73, 58.5571, 7.5712
3.75, 58.7124, 7.0686
3.77, 58.8486, 7.2361
3.79, 58.9661, 7.0686
3.81, 59.1302, 6.7858
3.83, 59.2328, 7.1000
3.85, 59.4041, 6.5450
3.87, 59.5011, 7.1105
3.89, 59.6432, 6.3670
3.91, 59.7703, 6.6288
3.93, 59.8785, 6.4193
3.95, 60.0328, 6.1470
3.97, 60.1172, 6.5450
3.99, 60.2555, 5.8434
4.01, 60.3701, 6.1785
4.03, 60.4601, 5.9690
4.05, 60.6194, 5.5711
4.07, 60.6938, 6.1889
4.09, 60.7926, 5.4768
4.11, 60.9425, 5.2883
4.13, 61.0087, 5.8957
4.15, 61.0999, 5.0684
4.17, 61.2524, 4.9847
4.19, 61.3185, 5.7177
4.21, 61.3793, 4.9114
4.23, 61.5274, 4.3878
4.25, 61.6135, 5.2360
4.27, 61.6553, 4.9951
4.29, 61.7565, 4.0422
4.31, 61.8817, 4.3982
4.33, 61.9316, 4.9114
4.35, 61.9826, 4.1574
4.37, 62.0808, 3.6338
4.39, 62.1791, 4.0317
4.41, 62.2232, 4.2935
4.43, 62.2802, 3.6338
4.45, 62.3615, 3.3720
4.47, 62.4315, 3.5291
4.49, 62.4928, 3.5605
4.51, 62.5371, 3.3510
4.53, 62.5950, 3.0159
4.55, 62.6564, 2.9322
4.57, 62.7095, 2.9636
4.59, 62.7548, 2.8798
4.61, 62.8106, 2.6599
4.63, 62.8503, 2.6913
4.65, 62.8848, 2.4714
4.67, 62.9250, 2.1991
4.69, 62.9759, 2.1468
4.71, 63.0150, 2.2515
4.73, 63.0311, 2.1468
4.75, 63.0629, 1.7383
4.77, 63.0934, 1.6441
4.79, 63.1153, 1.6127
4.81, 63.1362, 1.4347
4.83, 63.1613, 1.3090
4.85, 63.1820, 1.2776
4.87, 63.1931, 1.1833
4.89, 63.2010, 0.9948
4.91, 63.2109, 0.7854
4.93, 63.2182, 0.6807
4.95, 63.2215, 0.5760
4.97, 63.2234, 0.4294
4.99, 63.2236, 0.3142
5.01, 63.2230, 0.2094
5.03, 63.2228, 0.1361
5.05, 63.2228, 0.0942
5.07, 63.2230, 0.0524
5.09, 63.2219, 0.0314
5.11, 63.2207, 0.0000
5.13, 63.2115, -0.0209
5.15, 63.1891, -0.1885
5.17, 63.1670, -0.4817
5.19, 63.1436, -0.6807
5.21, 63.1082, -0.8587
5.23, 63.0754, -1.1310
5.25, 63.0480, -1.2985
5.27, 63.0144, -1.3509
5.29, 62.9803, -1.4451
5.31, 62.9458, -1.5289
5.33, 62.9001, -1.5917
5.35, 62.8374, -1.8326
5.37, 62.7979, -2.2201
5.39, 62.7504, -2.1782
5.41, 62.6915, -2.2305
5.43, 62.6434, -2.4714
5.45, 62.5975, -2.4295
5.47, 62.5199, -2.4190
5.49, 62.4581, -2.8379
5.51, 62.4073, -2.9426
5.53, 62.3279, -2.8065
5.55, 62.2687, -3.1206
5.57, 62.1889, -3.1311
5.59, 62.1084, -3.4139
5.61, 62.0460, -3.6024
5.63, 61.9669, -3.4453
5.65, 61.8742, -3.6442
5.67, 61.7908, -3.8956
5.69, 61.7228, -3.9584
5.71, 61.6296, -3.8327
5.73, 61.5172, -4.0841
5.75, 61.4365, -4.5763
5.77, 61.3623, -4.3773
5.79, 61.2349, -4.1993
5.81, 61.1320, -4.8276
5.83, 61.0654, -4.9637
5.85, 60.9467, -4.4192
5.87, 60.7996, -4.9323
5.89, 60.7414, -5.6130
5.91, 60.6353, -4.7857
5.93, 60.4785, -5.0475
5.95, 60.4127, -5.8329
5.97, 60.2741, -5.0894
5.99, 60.1398, -5.6025
6.01, 60.0604, -5.9900
6.03, 59.8928, -5.3826
6.05, 59.8025, -6.1994
6.07, 59.6689, -5.7491
6.09, 59.5145, -5.9481
6.11, 59.4269, -6.4717
6.13, 59.2553, -5.9376
6.15, 59.1561, -6.6288
6.17, 58.9939, -6.1261
6.19, 58.8700, -6.7649
6.21, 58.7295, -6.6392
6.23, 58.5818, -6.7544
6.25, 58.4601, -6.8382
6.27, 58.2720, -6.7021
6.29, 58.1680, -7.3932
6.31, 57.9870, -6.8382
6.33, 57.8756, -7.4770
6.35, 57.6775, -6.8591
6.37, 57.5586, -7.7702
6.39, 57.3813, -7.2990
6.41, 57.2524, -7.6445
6.43, 57.0580, -7.3199
6.45, 56.9237, -7.9901
6.47, 56.7446, -7.6550
6.49, 56.6121, -8.0111
6.51, 56.4102, -7.6969
6.53, 56.2756, -8.2310
6.55, 56.0936, -7.9378
6.57, 55.9418, -8.2729
6.59, 55.7496, -8.0634
6.61, 55.5934, -8.5032
6.63, 55.4146, -8.2729
6.65, 55.2430, -8.5137
6.67, 55.0681, -8.5137
6.69, 54.8772, -8.5765
6.71, 54.7303, -8.7336
6.73, 54.5193, -8.4718
6.75, 54.3656, -9.0792
6.77, 54.1646, -8.6813
6.79, 54.0020, -8.9221
6.81, 53.8062, -8.8383
6.83, 53.6152, -9.0268
6.85, 53.4616, -9.1525
6.87, 53.2369, -8.7755
6.89, 53.0693, -9.4562
6.91, 52.8902, -9.1316
6.93, 52.6758, -9.1106
6.95, 52.5102, -9.4562
6.97, 52.3021, -9.2677
6.99, 52.1282, -9.4353
7.01, 51.9289, -9.3724
7.03, 51.7149, -9.5086
7.05, 51.5661, -9.6970
7.07, 51.3322, -9.1944
7.09, 51.1433, -9.8437
7.11, 50.9734, -9.6237
7.13, 50.7407, -9.4143
7.15, 50.5673, -9.9274
7.17, 50.3706, -9.6447
7.19, 50.1719, -9.7389
7.21, 49.9813, -9.8227
7.23, 49.7662, -9.7494
7.25, 49.5830, -9.8541
7.27, 49.3727, -9.8332
7.29, 49.1667, -9.8332
7.31, 48.9802, -9.9903
7.33, 48.7708, -9.8227
7.35, 48.5687, -9.9798
7.37, 48.3876, -10.0426
7.39, 48.1660, -9.7599
7.41, 47.9633, -10.1683
7.43, 47.7961, -10.0426
7.45, 47.5585, -9.7075
7.47, 47.3694, -10.1997
7.49, 47.1909, -10.0322
7.51, 46.9562, -9.6970
7.53, 46.7652, -10.2416
7.55, 46.5865, -10.0007
7.57, 46.3522, -9.7389
7.59, 46.1700, -10.1997
7.61, 45.9773, -9.9798
7.63, 45.7491, -9.8122
7.65, 45.5792, -10.1892
7.67, 45.3637, -9.8646
7.69, 45.1668, -10.0007
7.71, 44.9765, -10.0007
7.73, 44.7641, -9.8541
7.75, 44.5813, -10.0531
7.77, 44.3748, -9.7494
7.79, 44.1643, -9.9484
7.81, 43.9971, -9.9798
7.83, 43.7721, -9.6447
7.85, 43.5890, -9.9903
7.87, 43.4042, -9.7704
7.89, 43.1836, -9.6447
7.91, 43.0126, -9.9274
7.93, 42.8157, -9.6342
7.95, 42.6086, -9.6237
7.97, 42.4348, -9.8018
7.99, 42.2237, -9.5086
8.01, 42.0510, -9.6342
8.03, 41.8490, -9.5400
8.05, 41.6523, -9.4771
8.07, 41.4991, -9.5923
8.09, 41.2761, -9.1630
8.11, 41.0987, -9.6028
8.13, 40.9327, -9.3515
8.15, 40.7146, -9.0583
8.17, 40.5606, -9.5086
8.19, 40.3674, -9.0687
8.21, 40.2021, -9.2258
8.23, 40.0069, -8.9221
8.25, 39.8278, -9.1211
8.27, 39.6807, -9.0583
8.29, 39.4590, -8.6184
8.31, 39.3177, -9.2258
8.33, 39.1198, -8.6813
8.35, 38.9860, -8.9012
8.37, 38.7670, -8.3776
8.39, 38.6140, -8.9640
8.41, 38.4516, -8.4928
8.43, 38.2918, -8.4299
8.45, 38.1127, -8.3671
8.47, 37.9551, -8.5032
8.49, 37.7973, -8.2624
8.51, 37.6297, -8.1367
8.53, 37.4686, -8.1681
8.55, 37.3133, -8.1367
8.57, 37.1538, -8.0111
8.59, 36.9963, -7.8540
8.61, 36.8504, -7.9273
8.63, 36.6930, -7.7702
8.65, 36.5530, -7.7178
8.67, 36.3973, -7.5189
8.69, 36.2429, -7.5712
8.71, 36.1125, -7.5084
8.73, 35.9557, -7.2571
8.75, 35.8355, -7.4456
8.77, 35.6564, -6.9534
8.79, 35.5574, -7.5712
8.81, 35.3956, -6.7440
8.83, 35.2897, -7.1000
8.85, 35.1499, -6.6288
8.87, 35.0002, -6.7230
8.89, 34.9064, -6.9220
8.91, 34.7446, -6.2727
8.93, 34.6541, -6.7754
8.95, 34.5116, -6.0109
8.97, 34.3818, -6.3355
8.99, 34.2987, -6.4926
9.01, 34.1467, -5.6968
9.03, 34.0585, -6.2727
9.05, 33.9555, -5.7282
9.07, 33.8061, -5.5187
9.09, 33.7329, -6.0842
9.11, 33.6134, -5.3198
9.13, 33.4917, -5.4978
9.15, 33.4316, -5.6444
9.17, 33.3139, -4.8066
9.19, 33.1789, -5.1732
9.21, 33.1335, -5.5816
9.23, 33.0512, -4.5763
9.25, 32.9003, -4.4296
9.27, 32.8384, -5.3826
9.29, 32.7929, -4.6181
9.31, 32.6846, -3.8851
9.33, 32.5638, -4.4192
9.35, 32.5273, -4.8799
9.37, 32.4677, -3.9375
9.39, 32.3755, -3.5919
9.41, 32.2713, -3.9375
9.43, 32.2364, -4.2935
9.45, 32.1854, -3.4662
9.47, 32.1093, -3.1625
9.49, 32.0343, -3.3615
9.51, 31.9674, -3.5186
9.53, 31.9315, -3.4139
9.55, 31.8790, -2.9217
9.57, 31.8290, -2.7751
9.59, 31.7703, -2.6808
9.61, 31.7200, -2.7855
9.63, 31.6769, -2.7018
9.65, 31.6313, -2.5028
9.67, 31.5975, -2.3981
9.69, 31.5634, -2.1886
9.71, 31.5340, -2.0001
9.73, 31.4988, -1.8535
9.75, 31.4587, -1.8117
9.77, 31.4265, -1.8745
9.79, 31.4140, -1.7802
9.81, 31.3939, -1.4242
9.83, 31.3666, -1.2776
9.85, 31.3503, -1.2985
9.87, 31.3356, -1.1414
9.89, 31.3235, -0.9948
9.91, 31.3103, -0.8796
9.93, 31.3032, -0.8063
9.95, 31.3007, -0.6493
9.97, 31.2991, -0.4817
9.99, 31.2980, -0.3456
10.01, 31.2984, -0.2618
10.03, 31.2984, -0.1676
10.05, 31.2978, -0.1152
10.07, 31.2984, -0.0733
10.09, 31.2986, -0.0419
10.11, 31.2991, -0.0209
10.13, 31.3116, 0.0000
10.15, 31.3427, 0.2094
10.17, 31.3659, 0.6178
10.19, 31.3908, 0.8063
10.21, 31.4201, 0.9529
10.23, 31.4449, 1.1100
10.25, 31.4761, 1.1729
10.27, 31.5114, 1.2776
10.29, 31.5599, 1.4451
10.31, 31.6029, 1.7383
10.33, 31.6359, 1.8745
10.35, 31.6836, 1.8012
10.37, 31.7304, 1.9897
10.39, 31.7827, 2.0839
10.41, 31.8261, 2.2410
10.43, 31.8901, 2.2515
10.45, 31.9611, 2.5342
10.47, 32.0033, 2.8588
10.49, 32.0593, 2.6180
10.51, 32.1310, 2.6704
10.53, 32.2029, 2.9636
10.55, 32.2873, 3.1625
10.57, 32.3436, 3.4976
10.59, 32.4058, 3.2882
10.61, 32.4871, 3.1835
10.63, 32.5831, 3.4976
10.65, 32.6658, 3.9375
10.67, 32.7235, 3.9794
10.69, 32.8077, 3.5919
10.71, 32.9427, 3.8746
10.73, 33.0230, 4.6600
10.75, 33.0721, 4.5029
10.77, 33.1814, 3.8223
10.79, 33.3290, 4.3668
10.81, 33.3827, 5.2465
10.83, 33.4629, 4.4925
10.85, 33.6311, 4.3878
10.87, 33.7103, 5.5816
10.89, 33.7783, 5.1208
10.91, 33.9369, 4.5972
10.93, 34.0255, 5.5816
10.95, 34.1266, 5.2465
10.97, 34.2855, 5.2674
10.99, 34.3605, 5.9900
11.01, 34.4991, 5.3302
11.03, 34.6265, 5.7805
11.05, 34.7273, 5.9900
11.07, 34.8920, 5.6863
11.09, 34.9881, 6.4403
11.11, 35.1334, 5.9271
11.13, 35.2556, 6.3355
11.15, 35.3891, 6.3041
11.17, 35.5486, 6.3984
11.19, 35.6477, 6.7963
11.21, 35.8312, 6.3355
11.23, 35.9277, 7.0686
11.25, 36.1148, 6.5031
11.27, 36.2320, 7.2152
11.29, 36.3910, 6.8277
11.31, 36.5262, 7.1733
11.33, 36.6909, 7.1105
11.35, 36.8420, 7.3827
11.37, 36.9852, 7.4875
11.39, 37.1472, 7.3932
11.41, 37.3062, 7.5712
11.43, 37.4623, 7.6655
11.45, 37.6188, 7.7388
11.47, 37.7796, 7.7493
11.49, 37.9518, 7.8121
11.51, 38.1028, 8.0425
11.53, 38.2805, 7.9692
11.55, 38.4331, 8.1367
11.57, 38.6262, 8.0948
11.59, 38.7624, 8.4299
11.61, 38.9693, 8.0948
11.63, 39.1022, 8.6080
11.65, 39.3208, 8.1891
11.67, 39.4462, 8.8488
11.69, 39.6644, 8.2624
11.71, 39.8099, 8.7965
11.73, 40.0094, 8.5242
11.75, 40.1839, 8.7650
11.77, 40.3472, 8.7965
11.79, 40.5672, 8.7232
11.81, 40.7085, 9.2153
11.83, 40.9206, 8.7441
11.85, 41.0916, 9.1106
11.87, 41.2822, 9.1001
11.89, 41.4763, 9.0687
11.91, 41.6464, 9.2782
11.93, 41.8579, 9.1001
11.95, 42.0324, 9.5086
11.97, 42.2161, 9.3201
11.99, 42.4333, 9.1630
12.01, 42.6026, 9.6761
12.03, 42.8003, 9.3619
12.05, 43.0065, 9.4981
12.07, 43.1796, 9.6447
12.09, 43.3961, 9.4771
12.11, 43.5808, 9.6970
12.13, 43.7756, 9.6447
12.15, 43.9827, 9.6237
12.17, 44.1664, 9.7913
12.19, 44.3790, 9.6552
12.21, 44.5754, 9.9065
12.23, 44.7535, 9.8122
12.25, 44.9831, 9.6552
12.27, 45.1524, 10.0426
12.29, 45.3528, 9.7285
12.31, 45.5819, 9.7808
12.33, 45.7422, 10.1264
12.35, 45.9671, 9.6761
12.37, 46.1668, 10.0217
12.39, 46.3481, 10.0217
12.41, 46.5742, 9.7808
12.43, 46.7641, 10.0217
12.45, 46.9639, 10.0322
12.47, 47.1777, 9.8437
12.49, 47.3575, 10.0845
12.51, 47.5671, 9.9274
12.53, 47.7819, 9.9903
12.55, 47.9577, 10.0426
12.57, 48.1759, 9.8646
12.59, 48.3861, 10.0007
12.61, 48.5533, 10.0950
12.63, 48.7840, 9.7808
12.65, 48.9740, 10.0950
12.67, 49.1495, 10.0426
12.69, 49.3811, 9.6761
12.71, 49.5669, 10.1578
12.73, 49.7525, 9.8855
12.75, 49.9761, 9.7494
12.77, 50.1594, 10.0845
12.79, 50.3531, 9.7913
12.81, 50.5715, 9.7913
12.83, 50.7456, 10.0112
12.85, 50.9548, 9.6447
12.87, 51.1416, 9.8646
12.89, 51.3307, 9.7704
12.91, 51.5428, 9.6342
12.93, 51.7080, 9.8541
12.95, 51.9351, 9.4353
12.97, 52.1052, 9.8437
12.99, 52.2885, 9.4981
13.01, 52.5100, 9.4143
13.03, 52.6649, 9.7704
13.05, 52.8729, 9.3096
13.07, 53.0605, 9.4981
13.09, 53.2354, 9.5295
13.11, 53.4409, 9.2049
13.13, 53.6035, 9.4771
13.15, 53.8049, 9.1106
13.17, 53.9859, 9.3619
13.19, 54.1541, 9.1839
13.21, 54.3654, 8.9221
13.23, 54.5153, 9.3724
13.25, 54.7142, 8.8593
13.27, 54.8685, 9.0792
13.29, 55.0653, 8.8069
13.31, 55.2302, 8.9640
13.33, 55.3958, 8.7965
13.35, 55.5889, 8.5765
13.37, 55.7402, 8.9221
13.39, 55.9257, 8.4928
13.41, 56.0745, 8.6603
13.43, 56.2672, 8.3252
13.45, 56.4037, 8.6499
13.47, 56.5889, 8.1681
13.49, 56.7331, 8.3881
13.51, 56.9172, 8.1158
13.53, 57.0553, 8.3462
13.55, 57.2302, 7.8959
13.57, 57.3705, 8.1681
13.59, 57.5450, 7.8121
13.61, 57.6704, 8.0529
13.63, 57.8551, 7.4875
13.65, 57.9753, 7.9587
13.67, 58.1646, 7.3304
13.69, 58.2662, 7.9587
13.71, 58.4472, 7.0476
13.73, 58.5627, 7.6027
13.75, 58.7209, 7.0372
13.77, 58.8524, 7.3094
13.79, 58.9786, 7.0686
13.81, 59.1377, 6.8382
13.83, 59.2407, 7.0791
13.85, 59.4140, 6.5764
13.87, 59.5034, 7.1000
13.89, 59.6501, 6.3670
13.91, 59.7713, 6.6183
13.93, 59.8823, 6.4403
13.95, 60.0367, 6.1994
13.97, 60.1205, 6.5973
13.99, 60.2664, 5.8643
14.01, 60.3736, 6.2204
14.03, 60.4737, 5.9690
14.05, 60.6255, 5.6339
14.07, 60.7017, 6.2204
14.09, 60.8027, 5.4245
14.11, 60.9488, 5.3302
14.13, 61.0102, 5.8434
14.15, 61.1178, 5.0370
14.17, 61.2583, 5.1103
14.19, 61.3206, 5.7177
14.21, 61.3927, 4.8799
14.23, 61.5358, 4.4715
14.25, 61.6192, 5.2779
14.27, 61.6608, 4.8695
14.29, 61.7730, 4.0317
14.31, 61.8882, 4.4820
14.33, 61.9364, 4.8904
14.35, 61.9901, 4.0422
14.37, 62.0934, 3.6442
14.39, 62.1868, 4.1050
14.41, 62.2294, 4.2516
14.43, 62.2919, 3.5500
14.45, 62.3730, 3.4348
14.47, 62.4403, 3.5919
14.49, 62.5001, 3.5395
14.51, 62.5458, 3.3091
14.53, 62.6040, 3.0055
14.55, 62.6671, 2.9636
14.57, 62.7189, 2.9950
14.59, 62.7647, 2.8379
14.61, 62.8184, 2.6808
14.63, 62.8650, 2.6913
14.65, 62.8934, 2.5447
14.67, 62.9375, 2.1782
14.69, 62.9916, 2.1677
14.71, 63.0232, 2.3143
14.73, 63.0395, 2.0735
14.75, 63.0754, 1.6755
14.77, 63.1034, 1.7069
14.79, 63.1252, 1.5917
14.81, 63.1502, 1.4137
14.83, 63.1743, 1.3614
14.85, 63.1899, 1.3195
14.87, 63.1987, 1.1100
14.89, 63.2115, 0.9006
14.91, 63.2217, 0.7959
14.93, 63.2259, 0.6912
14.95, 63.2301, 0.5445
14.97, 63.2343, 0.4189
14.99, 63.2355, 0.3560
15.01, 63.2355, 0.2513
15.03, 63.2349, 0.1676
15.05, 63.2347, 0.1047
15.07, 63.2345, 0.0628
15.09, 63.2343, 0.0419
15.11, 63.2322, 0.0105
15.13, 63.2202, -0.0314
15.15, 63.1977, -0.2199
15.17, 63.1766, -0.5131
15.19, 63.1546, -0.7016
15.21, 63.1216, -0.8273
15.23, 63.0859, -1.0891
15.25, 63.0551, -1.3195
15.27, 63.0230, -1.4032
15.29, 62.9874, -1.4556
15.31, 62.9525, -1.5708
15.33, 62.9105, -1.6127
15.35, 62.8480, -1.7907
15.37, 62.8048, -2.2201
15.39, 62.7615, -2.2096
15.41, 62.6997, -2.1886
15.43, 62.6510, -2.4504
15.45, 62.6069, -2.4714
15.47, 62.5319, -2.4086
15.49, 62.4612, -2.7960
15.51, 62.4169, -2.9950
15.53, 62.3369, -2.8170
15.55, 62.2733, -3.1311
15.57, 62.1973, -3.1521
15.59, 62.1139, -3.3824
15.61, 62.0537, -3.5919
15.63, 61.9755, -3.4348
15.65, 61.8825, -3.6128
15.67, 61.7977, -3.9060
15.69, 61.7260, -4.0212
15.71, 61.6409, -3.8642
15.73, 61.5206, -4.0422
15.75, 61.4424, -4.6077
15.77, 61.3703, -4.4192
15.79, 61.2462, -4.1783
15.81, 61.1379, -4.7438
15.83, 61.0708, -4.9951
15.85, 60.9592, -4.4506
15.87, 60.8098, -4.8276
15.89, 60.7465, -5.6863
15.91, 60.6451, -4.8904
15.93, 60.4810, -4.9323
15.95, 60.4169, -5.8643
15.97, 60.2836, -5.0789
15.99, 60.1450, -5.5187
16.01, 60.0702, -5.9690
16.03, 59.9022, -5.3826
16.05, 59.8075, -6.1785
16.07, 59.6802, -5.8434
16.09, 59.5233, -6.0109
16.11, 59.4307, -6.5764
16.13, 59.2677, -5.9690
16.15, 59.1623, -6.6078
16.17, 59.0064, -6.1575
16.19, 58.8712, -6.6811
16.21, 58.7366, -6.6811
16.23, 58.5897, -6.7125
16.25, 58.4744, -6.9743
16.27, 58.2792, -6.7125
16.29, 58.1790, -7.4560
16.31, 57.9897, -6.8068
16.33, 57.8875, -7.4979
16.35, 57.6817, -6.8696
16.37, 57.5640, -7.7807
16.39, 57.3989, -7.3827
16.41, 57.2660, -7.6027
16.43, 57.0800, -7.3409
16.45, 56.9345, -7.9063
16.47, 56.7644, -7.7388
16.49, 56.6213, -7.9063
16.51, 56.4300, -7.7597
16.53, 56.2862, -8.2100
16.55, 56.1036, -7.9901
16.57, 55.9558, -8.2519
16.59, 55.7563, -8.0529
16.61, 55.6110, -8.5242
16.63, 55.4223, -8.2519
16.65, 55.2639, -8.5032
16.67, 55.0762, -8.4404
16.69, 54.8933, -8.6394
16.71, 54.7404, -8.6917
16.73, 54.5253, -8.4928
16.75, 54.3767, -9.0687
16.77, 54.1797, -8.6917
16.79, 54.0206, -8.9954
16.81, 53.8171, -8.7546
16.83, 53.6338, -9.1211
16.85, 53.4726, -9.1106
16.87, 53.2503, -8.7860
16.89, 53.0825, -9.4562
16.91, 52.8963, -9.1525
16.93, 52.6896, -9.2049
16.95, 52.5217, -9.4143
16.97, 52.3151, -9.2782
16.99, 52.1410, -9.4771
17.01, 51.9385, -9.2572
17.03, 51.7289, -9.5295
17.05, 51.5823, -9.6761
17.07, 51.3362, -9.1735
17.09, 51.1658, -9.8855
17.11, 50.9836, -9.5923
17.13, 50.7594, -9.4457
17.15, 50.5844, -9.8855
17.17, 50.3752, -9.6447
17.19, 50.1851, -9.7808
17.21, 49.9859, -9.7913
17.23, 49.7826, -9.7389
17.25, 49.5882, -9.8855
17.27, 49.3882, -9.8122
17.29, 49.1746, -9.8960
17.31, 49.0030, -9.9798
17.33, 48.7842, -9.7285
17.35, 48.5746, -10.0426
17.37, 48.4041, -10.0217
17.39, 48.1683, -9.6970
17.41, 47.9805, -10.1473
17.43, 47.8062, -9.9798
17.45, 47.5677, -9.6970
17.47, 47.3829, -10.2206
17.49, 47.2018, -10.0112
17.51, 46.9652, -9.7075
17.53, 46.7811, -10.2521
17.55, 46.5934, -9.9588
17.57, 46.3641, -9.7704
17.59, 46.1857, -10.1578
17.61, 45.9838, -9.9484
17.63, 45.7660, -9.8541
17.65, 45.5852, -10.1264
17.67, 45.3752, -9.8646
17.69, 45.1808, -10.0322
17.71, 44.9873, -9.9588
17.73, 44.7646, -9.8855
17.75, 44.5953, -10.0322
17.77, 44.3787, -9.7494
17.79, 44.1748, -9.9170
17.81, 44.0013, -9.9588
17.83, 43.7783, -9.6342
17.85, 43.6034, -9.9903
17.87, 43.4111, -9.7599
17.89, 43.1967, -9.6133
17.91, 43.0116, -9.9379
17.93, 42.8239, -9.6552
17.95, 42.6122, -9.6133
17.97, 42.4429, -9.8122
17.99, 42.2331, -9.4981
18.01, 42.0596, -9.6447
18.03, 41.8600, -9.4248
18.05, 41.6634, -9.5190
18.07, 41.5031, -9.5714
18.09, 41.2849, -9.1525
18.11, 41.1192, -9.6342
18.13, 40.9396, -9.3201
18.15, 40.7309, -9.0478
18.17, 40.5697, -9.4562
18.19, 40.3746, -9.0687
18.21, 40.2157, -9.2677
18.23, 40.0153, -8.9117
18.25, 39.8347, -9.2363
18.27, 39.6864, -9.0687
18.29, 39.4726, -8.6394
18.31, 39.3319, -9.1944
18.33, 39.1283, -8.6499
18.35, 38.9998, -8.9221
18.37, 38.7754, -8.3462
18.39, 38.6416, -8.9745
18.41, 38.4581, -8.4299
18.43, 38.3087, -8.4509
18.45, 38.1164, -8.3147
18.47, 37.9704, -8.5137
18.49, 37.8030, -8.2310
18.51, 37.6460, -8.1681
18.53, 37.4751, -8.1053
18.55, 37.3321, -8.1681
18.57, 37.1701, -7.9273
18.59, 37.0144, -7.8645
18.61, 36.8590, -7.8330
18.63, 36.7120, -7.7807
18.65, 36.5647, -7.6864
18.67, 36.4172, -7.5922
18.69, 36.2552, -7.4875
18.71, 36.1359, -7.6445
18.73, 35.9689, -7.1733
18.75, 35.8596, -7.4665
18.77, 35.6752, -6.8801
18.79, 35.5697, -7.5398
18.81, 35.4157, -6.7754
18.83, 35.2978, -7.0686
18.85, 35.1720, -6.7335
18.87, 35.0121, -6.5973
18.89, 34.9204, -6.9743
18.91, 34.7618, -6.2518
18.93, 34.6665, -6.7125
18.95, 34.5356, -6.1261
18.97, 34.3891, -6.3041
18.99, 34.3154, -6.5450
19.01, 34.1605, -5.7072
19.03, 34.0688, -6.2204
19.05, 33.9712, -5.7596
19.07, 33.8184, -5.4768
19.09, 33.7436, -6.1156
19.11, 33.6360, -5.4140
19.13, 33.5035, -5.3407
19.15, 33.4399, -5.6968
19.17, 33.3356, -4.8799
19.19, 33.1931, -5.0265
19.21, 33.1379, -5.6653
19.23, 33.0709, -4.7333
19.25, 32.9151, -4.2935
19.27, 32.8431, -5.3302
19.29, 32.8058, -4.8276
19.31, 32.7039, -3.8746
19.33, 32.5730, -4.2202
19.35, 32.5289, -4.9637
19.37, 32.4830, -4.0212
19.39, 32.3923, -3.4976
19.41, 32.2876, -3.8327
19.43, 32.2401, -4.2726
19.45, 32.2029, -3.6128
19.47, 32.1287, -3.0892
19.49, 32.0470, -3.2987
19.51, 31.9772, -3.4872
19.53, 31.9373, -3.5186
19.55, 31.8944, -2.9636
19.57, 31.8426, -2.7227
19.59, 31.7868, -2.6704
19.61, 31.7331, -2.7122
19.63, 31.6907, -2.7227
19.65, 31.6460, -2.5028
19.67, 31.6071, -2.4086
19.69, 31.5766, -2.2305
19.71, 31.5471, -2.0211
19.73, 31.5168, -1.8221
19.75, 31.4769, -1.7279
19.77, 31.4391, -1.8117
19.79, 31.4198, -1.8117
19.81, 31.4090, -1.5499
19.83, 31.3820, -1.2357
19.85, 31.3632, -1.2462
19.87, 31.3498, -1.1519
19.89, 31.3381, -1.0158
19.91, 31.3308, -0.8587
19.93, 31.3227, -0.6807
19.95, 31.3131, -0.5969
19.97, 31.3101, -0.5550
19.99, 31.3093, -0.4398
20.01, 31.3095, -0.3037
20.03, 31.3095, -0.1990
20.05, 31.3099, -0.1257
20.07, 31.3103, -0.0838
20.09, 31.3103, -0.0524
20.11, 31.3122, -0.0419
20.13, 31.3306, 0.0000
20.15, 31.3592, 0.3037
20.17, 31.3793, 0.6493
20.19, 31.4060, 0.7854
20.21, 31.4330, 0.9529
20.23, 31.4579, 1.0681
20.25, 31.4913, 1.1414
20.27, 31.5287, 1.2881
20.29, 31.5768, 1.4870
20.31, 31.6150, 1.8012
20.33, 31.6474, 1.7907
20.35, 31.6974, 1.7698
20.37, 31.7404, 1.9897
20.39, 31.7941, 2.0420
20.41, 31.8363, 2.2096
20.43, 31.9072, 2.2201
20.45, 31.9711, 2.6180
20.47, 32.0130, 2.7960
20.49, 32.0746, 2.5761
20.51, 32.1442, 2.7541
20.53, 32.2150, 2.9531
20.55, 32.3005, 3.1835
20.57, 32.3511, 3.4872
20.59, 32.4155, 3.1521
20.61, 32.5011, 3.1940
20.63, 32.5964, 3.5500
20.65, 32.6748, 3.9479
20.67, 32.7310, 3.8642
20.69, 32.8286, 3.5709
20.71, 32.9553, 3.9794
20.73, 33.0295, 4.7124
20.75, 33.0773, 4.3145
20.77, 33.2008, 3.7909
20.79, 33.3358, 4.5134
20.81, 33.3875, 5.2046
20.83, 33.4771, 4.3459
20.85, 33.6441, 4.4506
20.87, 33.7154, 5.5920
20.89, 33.7895, 4.9323
20.91, 33.9542, 4.5972
20.93, 34.0339, 5.6549
20.95, 34.1471, 5.1732
20.97, 34.2918, 5.3826
20.99, 34.3689, 5.9271
21.01, 34.5160, 5.2779
21.03, 34.6351, 5.8434
21.05, 34.7405, 5.8748
21.07, 34.9032, 5.7177
21.09, 34.9904, 6.4088
21.11, 35.1519, 5.8748
21.13, 35.2648, 6.4193
21.15, 35.4075, 6.2832
21.17, 35.5503, 6.5031
21.19, 35.6644, 6.7230
21.21, 35.8397, 6.4193
21.23, 35.9396, 7.0791
21.25, 36.1254, 6.5240
21.27, 36.2355, 7.2571
21.29, 36.4013, 6.8068
21.31, 36.5365, 7.2152
21.33, 36.6999, 7.0895
21.35, 36.8464, 7.4351
21.37, 36.9925, 7.3932
21.39, 37.1551, 7.3827
21.41, 37.3114, 7.5398
21.43, 37.4677, 7.6445
21.45, 37.6266, 7.6550
21.47, 37.7850, 7.7597
21.49, 37.9612, 7.8226
21.51, 38.1148, 8.0529
21.53, 38.2861, 7.9063
21.55, 38.4448, 8.1263
21.57, 38.6312, 8.0215
21.59, 38.7747, 8.4509
21.61, 38.9756, 8.0215
21.63, 39.1194, 8.6184
21.65, 39.3277, 8.1891
21.67, 39.4632, 8.8279
21.69, 39.6703, 8.2624
21.71, 39.8347, 8.8383
21.73, 40.0126, 8.6289
21.75, 40.2017, 8.7441
21.77, 40.3610, 8.9117
21.79, 40.5791, 8.7022
21.81, 40.7229, 9.2153
21.83, 40.9256, 8.7441
21.85, 41.1123, 9.1001
21.87, 41.2839, 9.1211
21.89, 41.4907, 9.0687
21.91, 41.6510, 9.3096
21.93, 41.8646, 9.0583
21.95, 42.0475, 9.4457
21.97, 42.2210, 9.3724
21.99, 42.4498, 9.1839
22.01, 42.6072, 9.6656
22.03, 42.8185, 9.3410
22.05, 43.0187, 9.4457
22.07, 43.1890, 9.6552
22.09, 43.4076, 9.4353
22.11, 43.5907, 9.6970
22.13, 43.7792, 9.6656
22.15, 43.9965, 9.5819
22.17, 44.1685, 9.8018
22.19, 44.3848, 9.6342
22.21, 44.5792, 9.8437
22.23, 44.7612, 9.8018
22.25, 44.9898, 9.6552
22.27, 45.1627, 10.0007
22.29, 45.3639, 9.7808
22.31, 45.5957, 9.7704
22.33, 45.7558, 10.1578
22.35, 45.9785, 9.6552
22.37, 46.1854, 9.9484
22.39, 46.3522, 10.0740
22.41, 46.5786, 9.7285
22.43, 46.7779, 10.0531
22.45, 46.9618, 10.0426
22.47, 47.1894, 9.8227
22.49, 47.3696, 10.0845
22.51, 47.5723, 9.9588
22.53, 47.7819, 9.9170
22.55, 47.9706, 10.0636
22.57, 48.1804, 9.8646
22.59, 48.3917, 9.9588
22.61, 48.5713, 10.1055
22.63, 48.7850, 9.8332
22.65, 48.9850, 10.0845
22.67, 49.1658, 10.0217
22.69, 49.3978, 9.7599
22.71, 49.5788, 10.1159
22.73, 49.7648, 9.8960
22.75, 49.9886, 9.7599
22.77, 50.1769, 10.0740
22.79, 50.3642, 9.8227
22.81, 50.5905, 9.7704
22.83, 50.7535, 10.0531
22.85, 50.9688, 9.6342
22.87, 51.1633, 9.8122
22.89, 51.3366, 9.8122
22.91, 51.5640, 9.5714
22.93, 51.7197, 9.8751
22.95, 51.9414, 9.5086
22.97, 52.1184, 9.7599
22.99, 52.3036, 9.5819
23.01, 52.5243, 9.3934
23.03, 52.6785, 9.7599
23.05, 52.8829, 9.3096
23.07, 53.0787, 9.4248
23.09, 53.2438, 9.5400
23.11, 53.4509, 9.1839
23.13, 53.6148, 9.4876
23.15, 53.8173, 9.1316
23.17, 53.9983, 9.2677
23.19, 54.1623, 9.1839
23.21, 54.3761, 8.9221
23.23, 54.5186, 9.3724
23.25, 54.7203, 8.8488
23.27, 54.8825, 9.0687
23.29, 55.0704, 8.8488
23.31, 55.2503, 8.9431
23.33, 55.4020, 8.8488
23.35, 55.6068, 8.5765
23.37, 55.7454, 8.9431
23.39, 55.9383, 8.4509
23.41, 56.0898, 8.6813
23.43, 56.2748, 8.3671
23.45, 56.4210, 8.6184
23.47, 56.6047, 8.2100
23.49, 56.7508, 8.3776
23.51, 56.9287, 8.1786
23.53, 57.0651, 8.2205
23.55, 57.2440, 7.8959
23.57, 57.3813, 8.0739
23.59, 57.5550, 7.8226
23.61, 57.6812, 7.9273
23.63, 57.8668, 7.5084
23.65, 57.9822, 7.9168
23.67, 58.1751, 7.3304
23.69, 58.2685, 7.9168
23.71, 58.4599, 7.0581
23.73, 58.5651, 7.6341
23.75, 58.7356, 7.0476
23.77, 58.8593, 7.3618
23.79, 58.9901, 6.9639
23.81, 59.1412, 6.8487
23.83, 59.2516, 7.0058
23.85, 59.4209, 6.6497
23.87, 59.5063, 7.1000
23.89, 59.6555, 6.3041
23.91, 59.7736, 6.6392
23.93, 59.8867, 6.3984
23.95, 60.0409, 6.2204
23.97, 60.1268, 6.5764
23.99, 60.2685, 5.8224
24.01, 60.3761, 6.2308
24.03, 60.4716, 5.8853
24.05, 60.6292, 5.6339
24.07, 60.7032, 6.2099
24.09, 60.8081, 5.4140
24.11, 60.9519, 5.4245
24.13, 61.0119, 5.8853
24.15, 61.1214, 5.0475
24.17, 61.2608, 5.1103
24.19, 61.3210, 5.6968
24.21, 61.3962, 4.8695
24.23, 61.5381, 4.4925
24.25, 61.6204, 5.2883
24.27, 61.6635, 4.8381
24.29, 61.7774, 4.0422
24.31, 61.8923, 4.5134
24.33, 61.9389, 4.9218
24.35, 61.9958, 4.0631
24.37, 62.0974, 3.6547
24.39, 62.1929, 4.1364
24.41, 62.2288, 4.2411
24.43, 62.2944, 3.5500
24.45, 62.3743, 3.4034
24.47, 62.4455, 3.5919
24.49, 62.5013, 3.5605
24.51, 62.5500, 3.3196
24.53, 62.6085, 3.0159
24.55, 62.6717, 2.9845
24.57, 62.7195, 3.0159
24.59, 62.7672, 2.8170
24.61, 62.8219, 2.6599
24.63, 62.8610, 2.6704
24.65, 62.8972, 2.4086
24.67, 62.9410, 2.2096
24.69, 62.9910, 2.2096
24.71, 63.0230, 2.3143
24.73, 63.0434, 2.0735
24.75, 63.0813, 1.7174
24.77, 63.1066, 1.7279
24.79, 63.1272, 1.6022
24.81, 63.1513, 1.3823
24.83, 63.1762, 1.3299
24.85, 63.1912, 1.2881
24.87, 63.2021, 1.1100
24.89, 63.2142, 0.9111
24.91, 63.2238, 0.8273
24.93, 63.2288, 0.7016
24.95, 63.2351, 0.5445
24.97, 63.2411, 0.4608
24.99, 63.2430, 0.3875
25.01, 63.2424, 0.3037
25.03, 63.2426, 0.1990
25.05, 63.2426, 0.1257
25.07, 63.2424, 0.0838
25.09, 63.2418, 0.0524
25.11, 63.2403, 0.0209
25.13, 63.2251, -0.0209
25.15, 63.1987, -0.2723
25.17, 63.1787, -0.5864
25.19, 63.1586, -0.7330
25.21, 63.1252, -0.8378
25.23, 63.0894, -1.0891
25.25, 63.0579, -1.3299
25.27, 63.0267, -1.4137
25.29, 62.9908, -1.4451
25.31, 62.9567, -1.5708
25.33, 62.9155, -1.6127
25.35, 62.8529, -1.7802
25.37, 62.8077, -2.1677
25.39, 62.7657, -2.2305
25.41, 62.7038, -2.1782
25.43, 62.6627, -2.4400
25.45, 62.6134, -2.3457
25.47, 62.5402, -2.4086
25.49, 62.4706, -2.7751
25.51, 62.4234, -3.0264
25.53, 62.3479, -2.8274
25.55, 62.2838, -3.0892
25.57, 62.2092, -3.1625
25.59, 62.1224, -3.3510
25.61, 62.0650, -3.6024
25.63, 61.9818, -3.4453
25.65, 61.8926, -3.6233
25.67, 61.8081, -3.8851
25.69, 61.7366, -4.0108
25.71, 61.6520, -3.8851
25.73, 61.5358, -3.9794
25.75, 61.4512, -4.5658
25.77, 61.3751, -4.4506
25.79, 61.2654, -4.1888
25.81, 61.1442, -4.6600
25.83, 61.0771, -5.0894
25.85, 60.9768, -4.5134
25.87, 60.8184, -4.7543
25.89, 60.7494, -5.6863
25.91, 60.6620, -5.0056
25.93, 60.4927, -4.9009
25.95, 60.4198, -5.8853
25.97, 60.3160, -5.1313
25.99, 60.1508, -5.1836
26.01, 60.0742, -6.0737
26.03, 59.9270, -5.4873
26.05, 59.8175, -6.0214
26.07, 59.7009, -5.8643
26.09, 59.5312, -5.8434
26.11, 59.4422, -6.6392
26.13, 59.2827, -5.9586
26.15, 59.1753, -6.5345
26.17, 59.0246, -6.2413
26.19, 58.8785, -6.5869
26.21, 58.7605, -6.7440
26.23, 58.5945, -6.5869
26.25, 58.4898, -6.9848
26.27, 58.2953, -6.5973
26.29, 58.1920, -7.4770
26.31, 58.0047, -6.7963
26.33, 57.8921, -7.5189
26.35, 57.7034, -6.9324
26.37, 57.5701, -7.6550
26.39, 57.4048, -7.3304
26.41, 57.2689, -7.6236
26.43, 57.0879, -7.4246
26.45, 56.9435, -7.8540
26.47, 56.7732, -7.7283
26.49, 56.6210, -7.9482
26.51, 56.4447, -7.8016
26.53, 56.2910, -8.1681
26.55, 56.1065, -8.0215
26.57, 55.9634, -8.2729
26.59, 55.7634, -8.0634
26.61, 55.6223, -8.5137
26.63, 55.4246, -8.2205
26.65, 55.2720, -8.5347
26.67, 55.0831, -8.3881
26.69, 54.9121, -8.6917
26.71, 54.7439, -8.6813
26.73, 54.5416, -8.5556
26.75, 54.3849, -9.0164
26.77, 54.1819, -8.6603
26.79, 54.0237, -9.0373
26.81, 53.8225, -8.7965
26.83, 53.6334, -9.1106
26.85, 53.4798, -9.1316
26.87, 53.2584, -8.8174
26.89, 53.0917, -9.4353
26.91, 52.8998, -9.1106
26.93, 52.6985, -9.1839
26.95, 52.5247, -9.4038
26.97, 52.3226, -9.2782
26.99, 52.1508, -9.5086
27.01, 51.9426, -9.2049
27.03, 51.7351, -9.5819
27.05, 51.5865, -9.6866
27.07, 51.3462, -9.1944
27.09, 51.1777, -9.8960
27.11, 50.9869, -9.5819
27.13, 50.7702, -9.4981
27.15, 50.5926, -9.8646
27.17, 50.3848, -9.6237
27.19, 50.1911, -9.7913
27.21, 49.9873, -9.7075
27.23, 49.7859, -9.7389
27.25, 49.6053, -9.8646
27.27, 49.3989, -9.7494
27.29, 49.1917, -9.8855
27.31, 49.0141, -9.9798
27.33, 48.7920, -9.7180
27.35, 48.5830, -10.0322
27.37, 48.4156, -10.0217
27.39, 48.1788, -9.7075
27.41, 47.9897, -10.1683
27.43, 47.8064, -9.9903
27.45, 47.5781, -9.7285
27.47, 47.3945, -10.2102
27.49, 47.2085, -10.0007
27.51, 46.9694, -9.7389
27.53, 46.7969, -10.2416
27.55, 46.5947, -9.9274
27.57, 46.3746, -9.8018
27.59, 46.1965, -10.1788
27.61, 45.9953, -9.8960
27.63, 45.7829, -9.9274
27.65, 45.6076, -10.0950
27.67, 45.3777, -9.8332
27.69, 45.1971, -10.0740
27.71, 44.9944, -9.8541
27.73, 44.7831, -9.8646
27.75, 44.6065, -10.0531
27.77, 44.3957, -9.7389
27.79, 44.1926, -10.0007
27.81, 44.0191, -9.9588
27.83, 43.7923, -9.6552
27.85, 43.6193, -10.0007
27.87, 43.4226, -9.7285
27.89, 43.2147, -9.6656
27.91, 43.0408, -9.8960
27.93, 42.8356, -9.6133
27.95, 42.6343, -9.7075
27.97, 42.4627, -9.7180
27.99, 42.2456, -9.5190
28.01, 42.0855, -9.6970
28.03, 41.8753, -9.3724
28.05, 41.6820, -9.6133
28.07, 41.5229, -9.5295
28.09, 41.3045, -9.1735
28.11, 41.1369, -9.6342
28.13, 40.9491, -9.2677
28.15, 40.7559, -9.1630
28.17, 40.5858, -9.3724
28.19, 40.3885, -9.0687
28.21, 40.2351, -9.2991
28.23, 40.0235, -8.8488
28.25, 39.8561, -9.2049
28.27, 39.6989, -9.0268
28.29, 39.4905, -8.7127
28.31, 39.3467, -9.1106
28.33, 39.1430, -8.6499
28.35, 39.0143, -8.9850
28.37, 38.7929, -8.3462
28.39, 38.6560, -8.9954
28.41, 38.4702, -8.4090
28.43, 38.3250, -8.5765
28.45, 38.1317, -8.2310
28.47, 37.9923, -8.6080
28.49, 37.8130, -8.1577
28.51, 37.6700, -8.2414
28.53, 37.4924, -8.0320
28.55, 37.3507, -8.2310
28.57, 37.1848, -7.8749
28.59, 37.0370, -7.9587
28.61, 36.8663, -7.8016
28.63, 36.7302, -7.8540
28.65, 36.5703, -7.6236
28.67, 36.4368, -7.6236
28.69, 36.2629, -7.3723
28.71, 36.1471, -7.6550
28.73, 35.9831, -7.1524
28.75, 35.8734, -7.4665
28.77, 35.6905, -6.8591
28.79, 35.5783, -7.5398
28.81, 35.4385, -6.8591
28.83, 35.3058, -6.9534
28.85, 35.1912, -6.7649
28.87, 35.0240, -6.4926
28.89, 34.9315, -7.0581
28.91, 34.7799, -6.2518
28.93, 34.6767, -6.6497
28.95, 34.5563, -6.1785
28.97, 34.3958, -6.1680
28.99, 34.3219, -6.5764
29.01, 34.1833, -5.7910
29.03, 34.0773, -6.1052
29.05, 33.9908, -5.7910
29.07, 33.8341, -5.4035
29.09, 33.7515, -6.0947
29.11, 33.6606, -5.5187
29.13, 33.5162, -5.2255
29.15, 33.4487, -5.7386
29.17, 33.3588, -4.9637
29.19, 33.2048, -4.9009
29.21, 33.1438, -5.6653
29.23, 33.0884, -4.8904
29.25, 32.9423, -4.2516
29.27, 32.8499, -5.1627
29.29, 32.8155, -4.9951
29.31, 32.7323, -3.9375
29.33, 32.5879, -4.0317
29.35, 32.5325, -4.9323
29.37, 32.4945, -4.3459
29.39, 32.4129, -3.5081
29.41, 32.3043, -3.6966
29.43, 32.2449, -4.2202
29.45, 32.2167, -3.8432
29.47, 32.1417, -3.0578
29.49, 32.0687, -3.2568
29.51, 31.9921, -3.4139
29.53, 31.9459, -3.4767
29.55, 31.9070, -3.1521
29.57, 31.8552, -2.7227
29.59, 31.8048, -2.6913
29.61, 31.7454, -2.6389
29.63, 31.7037, -2.7332
29.65, 31.6616, -2.5237
29.67, 31.6192, -2.3771
29.69, 31.5893, -2.2619
29.71, 31.5580, -2.0316
29.73, 31.5287, -1.8850
29.75, 31.4848, -1.7593
29.77, 31.4535, -1.8640
29.79, 31.4328, -1.7802
29.81, 31.4159, -1.5184
29.83, 31.3985, -1.2881
29.85, 31.3768, -1.1624
29.87, 31.3620, -1.1205
29.89, 31.3492, -0.9948
29.91, 31.3392, -0.8901
29.93, 31.3329, -0.7435
29.95, 31.3293, -0.6074
29.97, 31.3277, -0.4712
29.99, 31.3270, -0.3456
30.01, 31.3271, -0.2409
30.03, 31.3268, -0.1676
30.05, 31.3275, -0.1047
30.07, 31.3270, -0.0628
30.09, 31.3277, -0.0419
30.11, 31.3281, -0.0209
30.13, 31.3431, 0.0000
30.15, 31.3666, 0.2513
30.17, 31.3921, 0.5341
30.19, 31.4180, 0.7749
30.21, 31.4418, 0.9425
30.23, 31.4694, 1.0263
30.25, 31.5030, 1.1519
30.27, 31.5456, 1.3090
30.29, 31.5902, 1.5917
30.31, 31.6196, 1.7802
30.33, 31.6610, 1.6650
30.35, 31.7087, 1.8117
30.37, 31.7517, 1.9687
30.39, 31.8056, 2.0420
30.41, 31.8514, 2.2201
30.43, 31.9216, 2.2619
30.45, 31.9804, 2.6704
30.47, 32.0215, 2.7437
30.49, 32.0901, 2.5237
30.51, 32.1540, 2.7751
30.53, 32.2324, 2.9531
30.55, 32.3087, 3.2254
30.57, 32.3582, 3.4243
30.59, 32.4299, 3.1102
30.61, 32.5158, 3.2568
30.63, 32.6123, 3.6024
30.65, 32.6815, 3.9898
30.67, 32.7425, 3.8223
30.69, 32.8412, 3.5814
30.71, 32.9661, 3.9689
30.73, 33.0307, 4.7124
30.75, 33.0894, 4.2202
30.77, 33.2138, 3.8013
30.79, 33.3450, 4.6181
30.81, 33.3916, 5.1522
30.83, 33.4928, 4.3040
30.85, 33.6543, 4.6286
30.87, 33.7177, 5.5816
30.89, 33.8038, 4.8799
30.91, 33.9622, 4.7333
30.93, 34.0410, 5.6444
30.95, 34.1588, 5.0684
30.97, 34.2997, 5.3302
30.99, 34.3766, 5.8119
31.01, 34.5277, 5.2674
31.03, 34.6385, 5.9586
31.05, 34.7507, 5.8538
31.07, 34.9091, 5.7596
31.09, 35.0000, 6.3879
31.11, 35.1647, 5.8434
31.13, 35.2709, 6.4717
31.15, 35.4240, 6.1889
31.17, 35.5614, 6.6078
31.19, 35.6767, 6.7125
31.21, 35.8468, 6.4403
31.23, 35.9530, 7.0372
31.25, 36.1392, 6.5450
31.27, 36.2475, 7.3199
31.29, 36.4207, 6.7335
31.31, 36.5403, 7.3094
31.33, 36.7164, 7.0162
31.35, 36.8544, 7.4665
31.37, 37.0094, 7.3932
31.39, 37.1582, 7.4456
31.41, 37.3254, 7.5084
31.43, 37.4726, 7.6969
31.45, 37.6385, 7.6236
31.47, 37.7898, 7.7702
31.49, 37.9695, 7.7597
31.51, 38.1198, 8.0634
31.53, 38.2964, 7.8435
31.55, 38.4481, 8.1681
31.57, 38.6414, 8.0006
31.59, 38.7798, 8.4823
31.61, 38.9818, 8.0425
31.63, 39.1208, 8.6184
31.65, 39.3327, 8.1786
31.67, 39.4680, 8.8383
31.69, 39.6765, 8.2519
31.71, 39.8326, 8.7336
31.73, 40.0199, 8.6080
31.75, 40.2038, 8.6917
31.77, 40.3658, 8.8593
31.79, 40.5806, 8.6603
31.81, 40.7336, 9.2258
31.83, 40.9288, 8.7965
31.85, 41.1188, 9.0583
31.87, 41.2962, 9.1211
31.89, 41.4977, 9.0268
31.91, 41.6613, 9.3096
31.93, 41.8715, 9.1001
31.95, 42.0596, 9.4038
31.97, 42.2268, 9.3724
31.99, 42.4538, 9.1735
32.01, 42.6272, 9.6866
32.03, 42.8172, 9.3724
32.05, 43.0320, 9.4667
32.07, 43.1950, 9.7180
32.09, 43.4113, 9.4353
32.11, 43.6091, 9.6970
32.13, 43.7875, 9.7075
32.15, 44.0028, 9.5819
32.17, 44.1800, 9.8122
32.19, 44.3892, 9.6552
32.21, 44.5923, 9.8437
32.23, 44.7760, 9.8227
32.25, 44.9936, 9.6552
32.27, 45.1754, 10.0322
32.29, 45.3685, 9.8227
32.31, 45.6068, 9.7389
32.33, 45.7631, 10.1683
32.35, 45.9873, 9.6970
32.37, 46.1944, 9.9065
32.39, 46.3727, 10.0636
32.41, 46.5877, 9.7599
32.43, 46.7997, 10.0322
32.45, 46.9712, 10.1264
32.47, 47.1961, 9.8018
32.49, 47.3894, 10.0950
32.51, 47.5832, 9.9484
32.53, 47.7967, 9.8855
32.55, 47.9828, 10.0636
32.57, 48.1865, 9.9274
32.59, 48.4003, 9.9588
32.61, 48.5807, 10.1055
32.63, 48.7938, 9.8122
32.65, 48.9995, 10.0426
32.67, 49.1807, 10.0322
32.69, 49.4011, 9.7808
32.71, 49.5972, 10.1159
32.73, 49.7761, 9.9379
32.75, 50.0066, 9.7599
32.77, 50.1861, 10.0531
32.79, 50.3796, 9.8437
32.81, 50.6005, 9.7075
32.83, 50.7708, 10.0636
32.85, 50.9754, 9.6656
32.87, 51.1819, 9.7808
32.89, 51.3523, 9.9065
32.91, 51.5754, 9.5504
32.93, 51.7382, 9.8646
32.95, 51.9508, 9.5295
32.97, 52.1397, 9.6866
32.99, 52.3094, 9.6133
33.01, 52.5322, 9.3829
33.03, 52.7006, 9.7704
33.05, 52.8881, 9.3619
33.07, 53.1000, 9.3829
33.09, 53.2601, 9.5923
33.11, 53.4683, 9.1630
33.13, 53.6323, 9.4771
33.15, 53.8317, 9.2258
33.17, 54.0156, 9.2572
33.19, 54.1769, 9.2468
33.21, 54.3880, 8.9012
33.23, 54.5420, 9.3724
33.25, 54.7287, 8.9012
33.27, 54.9094, 9.0059
33.29, 55.0795, 8.9431
33.31, 55.2672, 8.8593
33.33, 55.4167, 8.9012
33.35, 55.6179, 8.5451
33.37, 55.7629, 8.9640
33.39, 55.9525, 8.4195
33.41, 56.1065, 8.6708
33.43, 56.2856, 8.3671
33.45, 56.4373, 8.5451
33.47, 56.6098, 8.2310
33.49, 56.7723, 8.3357
33.51, 56.9381, 8.2205
33.53, 57.0804, 8.2310
33.55, 57.2534, 7.9482
33.57, 57.4024, 8.0529
33.59, 57.5657, 7.9168
33.61, 57.6982, 7.8854
33.63, 57.8768, 7.6027
33.65, 57.9974, 7.8645
33.67, 58.1876, 7.3827
33.69, 58.2865, 7.9063
33.71, 58.4725, 7.0581
33.73, 58.5790, 7.6655
33.75, 58.7525, 6.9743
33.77, 58.8683, 7.4665
33.79, 59.0188, 6.9534
33.81, 59.1498, 7.0058
33.83, 59.2752, 6.9743
33.85, 59.4336, 6.7021
33.87, 59.5253, 7.1000
33.89, 59.6890, 6.3041
33.91, 59.7889, 6.7754
33.93, 59.9268, 6.2937
33.95, 60.0568, 6.3670
33.97, 60.1467, 6.4612
33.99, 60.2978, 5.8224
34.01, 60.3935, 6.3251
34.03, 60.5028, 5.7910
34.05, 60.6493, 5.7701
34.07, 60.7164, 6.1156
34.09, 60.8472, 5.3093
34.11, 60.9697, 5.6130
34.13, 61.0309, 5.8119
34.15, 61.1561, 4.8904
34.17, 61.2871, 5.3302
34.19, 61.3316, 5.6130
34.21, 61.4282, 4.5972
34.23, 61.5670, 4.6914
34.25, 61.6290, 5.3302
34.27, 61.6900, 4.6077
34.29, 61.8186, 4.0841
34.31, 61.9126, 4.8381
34.33, 61.9521, 4.8171
34.35, 62.0177, 3.8537
34.37, 62.1298, 3.7071
34.39, 62.2065, 4.2935
34.41, 62.2489, 4.1364
34.43, 62.3206, 3.4453
34.45, 62.4040, 3.5081
34.47, 62.4704, 3.6757
34.49, 62.5210, 3.5814
34.51, 62.5711, 3.1940
34.53, 62.6338, 2.9845
34.55, 62.6953, 3.0159
34.57, 62.7398, 3.0264
34.59, 62.7960, 2.7751
34.61, 62.8451, 2.7437
34.63, 62.8807, 2.6494
34.65, 62.9231, 2.3771
34.67, 62.9764, 2.2619
34.69, 63.0211, 2.3876
34.71, 63.0376, 2.3038
34.73, 63.0692, 1.8745
34.75, 63.1030, 1.7593
34.77, 63.1264, 1.7279
34.79, 63.1519, 1.5184
34.81, 63.1807, 1.4451
34.83, 63.1968, 1.4242
34.85, 63.2094, 1.2252
34.87, 63.2257, 1.0367
34.89, 63.2368, 0.9425
34.91, 63.2503, 0.8063
34.93, 63.2616, 0.7645
34.95, 63.2681, 0.6807
34.97, 63.2708, 0.5550
34.99, 63.2710, 0.4189
35.01, 63.2708, 0.2827
35.03, 63.2710, 0.1885
35.05, 63.2708, 0.1152
35.07, 63.2708, 0.0733
35.09, 63.2698, 0.0419
35.11, 63.2687, 0.0209
35.13, 63.2545, -0.0105
35.15, 63.2244, -0.2513
35.17, 63.1952, -0.6493
35.19, 63.1774, -0.9320
35.21, 63.1519, -0.9215
35.23, 63.1151, -1.0367
35.25, 63.0788, -1.3090
35.27, 63.0489, -1.4556
35.29, 63.0140, -1.4661
35.31, 62.9772, -1.5708
35.33, 62.9465, -1.6441
35.35, 62.8880, -1.6232
35.37, 62.8230, -2.0525
35.39, 62.7883, -2.4086
35.41, 62.7314, -2.2305
35.43, 62.6725, -2.4086
35.45, 62.6305, -2.5656
35.47, 62.5711, -2.4400
35.49, 62.4900, -2.6075
35.51, 62.4363, -3.0683
35.53, 62.3720, -2.9426
35.55, 62.2984, -3.0369
35.57, 62.2303, -3.2254
35.59, 62.1404, -3.2987
35.61, 62.0790, -3.6442
35.63, 62.0008, -3.5081
35.65, 61.9176, -3.5919
35.67, 61.8246, -3.8118
35.69, 61.7517, -4.0527
35.71, 61.6739, -3.9479
35.73, 61.5598, -3.9479
35.75, 61.4602, -4.4611
35.77, 61.3920, -4.5763
35.79, 61.2886, -4.2621
35.81, 61.1594, -4.5553
35.83, 61.0898, -5.1522
35.85, 61.0050, -4.5867
35.87, 60.8332, -4.6077
35.89, 60.7571, -5.6758
35.91, 60.6848, -5.1941
35.93, 60.5111, -4.7857
35.95, 60.4290, -5.8434
35.97, 60.3322, -5.2883
35.99, 60.1638, -5.2674
36.01, 60.0882, -6.1261
36.03, 59.9485, -5.4350
36.05, 59.8209, -5.9900
36.07, 59.7258, -5.9586
36.09, 59.5488, -5.7177
36.11, 59.4535, -6.6497
36.13, 59.3061, -6.0633
36.15, 59.1868, -6.4507
36.17, 59.0505, -6.2937
36.19, 58.8919, -6.4612
36.21, 58.7765, -6.8906
36.23, 58.6121, -6.5659
36.25, 58.5015, -7.0372
36.27, 58.3067, -6.5973
36.29, 58.2029, -7.5294
36.31, 58.0188, -6.8801
36.33, 57.9090, -7.4560
36.35, 57.7197, -6.9429
36.37, 57.5820, -7.6760
36.39, 57.4292, -7.5084
36.41, 57.2796, -7.5712
36.43, 57.1130, -7.4875
36.45, 56.9527, -7.7807
36.47, 56.7939, -7.8226
36.49, 56.6338, -7.8645
36.51, 56.4591, -7.8330
36.53, 56.2984, -8.1053
36.55, 56.1249, -8.0320
36.57, 55.9790, -8.2205
36.59, 55.7801, -8.0634
36.61, 55.6321, -8.5242
36.63, 55.4388, -8.2519
36.65, 55.2913, -8.5556
36.67, 55.0908, -8.3357
36.69, 54.9295, -8.7546
36.71, 54.7560, -8.6080
36.73, 54.5598, -8.5870
36.75, 54.3976, -8.9535
36.77, 54.1993, -8.6813
36.79, 54.0403, -9.0268
36.81, 53.8329, -8.7441
36.83, 53.6614, -9.1944
36.85, 53.4919, -9.0792
36.87, 53.2728, -8.8488
36.89, 53.1155, -9.4143
36.91, 52.9094, -9.0897
36.93, 52.7307, -9.2363
36.95, 52.5376, -9.2677
36.97, 52.3343, -9.3201
36.99, 52.1711, -9.5295
37.01, 51.9531, -9.2363
37.03, 51.7560, -9.6656
37.05, 51.5997, -9.6447
37.07, 51.3642, -9.1944
37.09, 51.1855, -9.9170
37.11, 51.0007, -9.5714
37.13, 50.7809, -9.4981
37.15, 50.6035, -9.8541
37.17, 50.3988, -9.6447
37.19, 50.2078, -9.8227
37.21, 50.0034, -9.6970
37.23, 49.7995, -9.8018
37.25, 49.6152, -9.8855
37.27, 49.4049, -9.7389
37.29, 49.2051, -9.9274
37.31, 49.0246, -9.9693
37.33, 48.8005, -9.7075
37.35, 48.6009, -10.1055
37.37, 48.4292, -10.0007
37.39, 48.1924, -9.7075
37.41, 48.0097, -10.2102
37.43, 47.8229, -9.9379
37.45, 47.5846, -9.7704
37.47, 47.4087, -10.1997
37.49, 47.2202, -9.9484
37.51, 46.9852, -9.8122
37.53, 46.8147, -10.1997
37.55, 46.6036, -9.8960
37.57, 46.3961, -9.8646
37.59, 46.2068, -10.0531
37.61, 46.0041, -9.9274
37.63, 45.7842, -9.9379
37.65, 45.6139, -10.0950
37.67, 45.3930, -9.8541
37.69, 45.2051, -10.1369
37.71, 45.0057, -9.8332
37.73, 44.7978, -9.9798
37.75, 44.6241, -10.0426
37.77, 44.3965, -9.6656
37.79, 44.2097, -10.0217
37.81, 44.0254, -9.9065
37.83, 43.8049, -9.6342
37.85, 43.6260, -10.0322
37.87, 43.4341, -9.7180
37.89, 43.2199, -9.6656
37.91, 43.0483, -9.8855
37.93, 42.8400, -9.6133
37.95, 42.6490, -9.7075
37.97, 42.4634, -9.6447
37.99, 42.2567, -9.5400
38.01, 42.0866, -9.7075
38.03, 41.8803, -9.3829
38.05, 41.6974, -9.6761
38.07, 41.5302, -9.5086
38.09, 41.3102, -9.1735
38.11, 41.1457, -9.6447
38.13, 40.9606, -9.2572
38.15, 40.7654, -9.1944
38.17, 40.5952, -9.2991
38.19, 40.3936, -9.1420
38.21, 40.2508, -9.2886
38.23, 40.0349, -8.7755
38.25, 39.8677, -9.2782
38.27, 39.7006, -8.9745
38.29, 39.5022, -8.6917
38.31, 39.3453, -9.0792
38.33, 39.1530, -8.7127
38.35, 39.0165, -8.9535
38.37, 38.8019, -8.3147
38.39, 38.6573, -9.0373
38.41, 38.4786, -8.4299
38.43, 38.3311, -8.5765
38.45, 38.1348, -8.2205
38.47, 38.0011, -8.6184
38.49, 37.8205, -8.1577
38.51, 37.6786, -8.2519
38.53, 37.4972, -8.0111
38.55, 37.3561, -8.2729
38.57, 37.1919, -7.8645
38.59, 37.0450, -7.9692
38.61, 36.8790, -7.7597
38.63, 36.7438, -7.9063
38.65, 36.5787, -7.5712
38.67, 36.4489, -7.6969
38.69, 36.2748, -7.3513
38.71, 36.1545, -7.7178
38.73, 35.9883, -7.1524
38.75, 35.8792, -7.5189
38.77, 35.7001, -6.8696
38.79, 35.5931, -7.4875
38.81, 35.4569, -6.9010
38.83, 35.3122, -6.8591
38.85, 35.2073, -6.9220
38.87, 35.0301, -6.4822
38.89, 34.9448, -7.0476
38.91, 34.7889, -6.2832
38.93, 34.6844, -6.6288
38.95, 34.5705, -6.2727
38.97, 34.4105, -6.0842
38.99, 34.3310, -6.6497
39.01, 34.1990, -5.8329
39.03, 34.0859, -6.0214
39.05, 33.9988, -5.9271
39.07, 33.8435, -5.4035
39.09, 33.7553, -6.0737
39.11, 33.6740, -5.5501
39.13, 33.5275, -5.1208
39.15, 33.4577, -5.7177
39.17, 33.3770, -5.0684
39.19, 33.2205, -4.7647
39.21, 33.1467, -5.6339
39.23, 33.0995, -5.0475
39.25, 32.9592, -4.2307
39.27, 32.8568, -5.0580
39.29, 32.8221, -5.0684
39.31, 32.7507, -4.0003
39.33, 32.6102, -3.9060
39.35, 32.5377, -4.8171
39.37, 32.5059, -4.4506
39.39, 32.4284, -3.5186
39.41, 32.3260, -3.6233
39.43, 32.2516, -4.1155
39.45, 32.2293, -3.9165
39.47, 32.1576, -3.0683
39.49, 32.0832, -3.1835
39.51, 32.0125, -3.3510
39.53, 31.9553, -3.4558
39.55, 31.9216, -3.1730
39.57, 31.8656, -2.7541
39.59, 31.8196, -2.7018
39.61, 31.7609, -2.6075
39.63, 31.7177, -2.7122
39.65, 31.6746, -2.5237
39.67, 31.6334, -2.3667
39.69, 31.6017, -2.2724
39.71, 31.5699, -2.0420
39.73, 31.5429, -1.8745
39.75, 31.5122, -1.7279
39.77, 31.4756, -1.6546
39.79, 31.4439, -1.6965
39.81, 31.4257, -1.6650
39.83, 31.4148, -1.4347
39.85, 31.3966, -1.1519
39.87, 31.3778, -1.0472
39.89, 31.3682, -1.0158
39.91, 31.3571, -0.8378
39.93, 31.3475, -0.7540
39.95, 31.3440, -0.6597
39.97, 31.3423, -0.4922
39.99, 31.3423, -0.3665
40.01, 31.3419, -0.2618
40.03, 31.3419, -0.1676
40.05, 31.3419, -0.1047
40.07, 31.3427, -0.0733
40.09, 31.3429, -0.0524
40.11, 31.3440, -0.0209
40.13, 31.3601, 0.0209
40.15, 31.3875, 0.2618
40.17, 31.4094, 0.6178
40.19, 31.4318, 0.7645
40.21, 31.4568, 0.8796
40.23, 31.4865, 1.0158
40.25, 31.5231, 1.1519
40.27, 31.5689, 1.3823
40.29, 31.6038, 1.6441
40.31, 31.6334, 1.6755
40.33, 31.6811, 1.6232
40.35, 31.7208, 1.8640
40.37, 31.7743, 1.9164
40.39, 31.8184, 2.1153
40.41, 31.8711, 2.1677
40.43, 31.9463, 2.3457
40.45, 31.9918, 2.7541
40.47, 32.0380, 2.6180
40.49, 32.1101, 2.5028
40.51, 32.1718, 2.8274
40.53, 32.2547, 2.9636
40.55, 32.3260, 3.3091
40.57, 32.3697, 3.3406
40.59, 32.4472, 3.0369
40.61, 32.5369, 3.2882
40.63, 32.6330, 3.6233
40.65, 32.6926, 4.0212
40.67, 32.7597, 3.6652
40.69, 32.8673, 3.6024
40.71, 32.9881, 4.1678
40.73, 33.0374, 4.7124
40.75, 33.1059, 4.0212
40.77, 33.2497, 3.8537
40.79, 33.3561, 4.8276
40.81, 33.4042, 5.0161
40.83, 33.5302, 4.1574
40.85, 33.6746, 4.9114
40.87, 33.7269, 5.5397
40.89, 33.8378, 4.6705
40.91, 33.9825, 4.8695
40.93, 34.0525, 5.5711
40.95, 34.1902, 4.9951
40.97, 34.3127, 5.6339
40.99, 34.3921, 5.6653
41.01, 34.5591, 5.2255
41.03, 34.6556, 6.1156
41.05, 34.7831, 5.7491
41.07, 34.9235, 5.9271
41.09, 35.0194, 6.2727
41.11, 35.1889, 5.8538
41.13, 35.2865, 6.5345
41.15, 35.4466, 6.1156
41.17, 35.5712, 6.6706
41.19, 35.6982, 6.5450
41.21, 35.8661, 6.5136
41.23, 35.9708, 6.9534
41.25, 36.1559, 6.5450
41.27, 36.2590, 7.2990
41.29, 36.4431, 6.7021
41.31, 36.5563, 7.3304
41.33, 36.7442, 6.9324
41.35, 36.8715, 7.5608
41.37, 37.0345, 7.1942
41.39, 37.1743, 7.4875
41.41, 37.3518, 7.4142
41.43, 37.4943, 7.7702
41.45, 37.6661, 7.5608
41.47, 37.8136, 7.8540
41.49, 37.9965, 7.7074
41.51, 38.1363, 8.1681
41.53, 38.3296, 7.8016
41.55, 38.4654, 8.2519
41.57, 38.6728, 7.9378
41.59, 38.8025, 8.5137
41.61, 39.0021, 8.0006
41.63, 39.1472, 8.5870
41.65, 39.3536, 8.2310
41.67, 39.4980, 8.7755
41.69, 39.6882, 8.3252
41.71, 39.8684, 8.6708
41.73, 40.0333, 8.7441
41.75, 40.2354, 8.6394
41.77, 40.3848, 8.9535
41.79, 40.6025, 8.6603
41.81, 40.7557, 9.1944
41.83, 40.9513, 8.8279
41.85, 41.1470, 8.9745
41.87, 41.3142, 9.2572
41.89, 41.5215, 8.9954
41.91, 41.6918, 9.2677
41.93, 41.8880, 9.1735
41.95, 42.0878, 9.2677
41.97, 42.2481, 9.4457
41.99, 42.4784, 9.1630
42.01, 42.6473, 9.6342
42.03, 42.8368, 9.4248
42.05, 43.0523, 9.3305
42.07, 43.2243, 9.7599
42.09, 43.4295, 9.4353
42.11, 43.6350, 9.6447
42.13, 43.8082, 9.7704
42.15, 44.0256, 9.5400
42.17, 44.2088, 9.7913
42.19, 44.4101, 9.7075
42.21, 44.6128, 9.7075
42.23, 44.7990, 9.8646
42.25, 45.0101, 9.6866
42.27, 45.2107, 9.9484
42.29, 45.3921, 9.8646
42.31, 45.6250, 9.6552
42.33, 45.7896, 10.1892
42.35, 45.9965, 9.7494
42.37, 46.2197, 9.8541
42.39, 46.3861, 10.1264
42.41, 46.6064, 9.7808
42.43, 46.8187, 9.9274
42.45, 46.9953, 10.1683
42.47, 47.2084, 9.7704
42.49, 47.4168, 10.0217
42.51, 47.5968, 10.0845
42.53, 47.8093, 9.8227
42.55, 48.0128, 10.0322
42.57, 48.1957, 10.0007
42.59, 48.4199, 9.8960
42.61, 48.5980, 10.1264
42.63, 48.8085, 9.9170
42.65, 49.0220, 9.9903
42.67, 49.1980, 10.0531
42.69, 49.4189, 9.7704
42.71, 49.6128, 10.0217
42.73, 49.7966, 9.9588
42.75, 50.0129, 9.7599
42.77, 50.2057, 10.0426
42.79, 50.3880, 9.8437
42.81, 50.6143, 9.7075
42.83, 50.7813, 10.0636
42.85, 50.9899, 9.6552
42.87, 51.1953, 9.7389
42.89, 51.3663, 9.8960
42.91, 51.5830, 9.4981
42.93, 51.7579, 9.8646
42.95, 51.9583, 9.6028
42.97, 52.1583, 9.6447
42.99, 52.3217, 9.6761
43.01, 52.5449, 9.3724
43.03, 52.7123, 9.7494
43.05, 52.8996, 9.4143
43.07, 53.1194, 9.3515
43.09, 53.2670, 9.6761
43.11, 53.4789, 9.1525
43.13, 53.6580, 9.3934
43.15, 53.8363, 9.2782
43.17, 54.0352, 9.2153
43.19, 54.1916, 9.2886
43.21, 54.3972, 8.9221
43.23, 54.5573, 9.3305
43.25, 54.7404, 8.9326
43.27, 54.9280, 8.9535
43.29, 55.0879, 9.0164
43.31, 55.2804, 8.7860
43.33, 55.4260, 8.9431
43.35, 55.6350, 8.5242
43.37, 55.7809, 8.9850
43.39, 55.9634, 8.4509
43.41, 56.1268, 8.6499
43.43, 56.2996, 8.4299
43.45, 56.4566, 8.5137
43.47, 56.6212, 8.2729
43.49, 56.7912, 8.2729
43.51, 56.9473, 8.2938
43.53, 57.1063, 8.1577
43.55, 57.2624, 8.0320
43.57, 57.4259, 8.0006
43.59, 57.5747, 7.9901
43.61, 57.7249, 7.8016
43.63, 57.8858, 7.6760
43.65, 58.0210, 7.7807
43.67, 58.1958, 7.4560
43.69, 58.3057, 7.8121
43.71, 58.4940, 7.0895
43.73, 58.5937, 7.6760
43.75, 58.7709, 6.9639
43.77, 58.8779, 7.4979
43.79, 59.0390, 6.8696
43.81, 59.1663, 7.1524
43.83, 59.2967, 6.8068
43.85, 59.4489, 6.8277
43.87, 59.5423, 6.9220
43.89, 59.7090, 6.2832
43.91, 59.8025, 6.8068
43.93, 59.9469, 6.2308
43.95, 60.0689, 6.4717
43.97, 60.1632, 6.3355
43.99, 60.3157, 5.8643
44.01, 60.4054, 6.3460
44.03, 60.5262, 5.7805
44.05, 60.6576, 5.9062
44.07, 60.7297, 5.9586
44.09, 60.8671, 5.2779
44.11, 60.9797, 5.7177
44.13, 61.0411, 5.7072
44.15, 61.1839, 4.8904
44.17, 61.2982, 5.5083
44.19, 61.3421, 5.5711
44.21, 61.4599, 4.5029
44.23, 61.5843, 4.9218
44.25, 61.6372, 5.3407
44.27, 61.7047, 4.4087
44.29, 61.8447, 4.1260
44.31, 61.9216, 4.9532
44.33, 61.9617, 4.6077
44.35, 62.0416, 3.7699
44.37, 62.1548, 3.8537
44.39, 62.2152, 4.3773
44.41, 62.2631, 3.9479
44.43, 62.3415, 3.4767
44.45, 62.4188, 3.5814
44.47, 62.4850, 3.6652
44.49, 62.5314, 3.5291
44.51, 62.5899, 3.1625
44.53, 62.6531, 3.0369
44.55, 62.7109, 3.0788
44.57, 62.7565, 3.0264
44.59, 62.8138, 2.7855
44.61, 62.8610, 2.7855
44.63, 62.8947, 2.5970
44.65, 62.9415, 2.3457
44.67, 62.9952, 2.3143
44.69, 63.0284, 2.4295
44.71, 63.0495, 2.1782
44.73, 63.0907, 1.8117
44.75, 63.1174, 1.8535
44.77, 63.1415, 1.6755
44.79, 63.1745, 1.5394
44.81, 63.1960, 1.5394
44.83, 63.2100, 1.3928
44.85, 63.2276, 1.1519
44.87, 63.2411, 1.0681
44.89, 63.2562, 0.9215
44.91, 63.2712, 0.8692
44.93, 63.2817, 0.8273
44.95, 63.2827, 0.7121
44.97, 63.2836, 0.5027
44.99, 63.2844, 0.3351
45.01, 63.2836, 0.2409
45.03, 63.2836, 0.1571
45.05, 63.2840, 0.0942
45.07, 63.2836, 0.0628
45.09, 63.2832, 0.0419
45.11, 63.2823, 0.0209
45.13, 63.2715, -0.0105
45.15, 63.2476, -0.1885
45.17, 63.2155, -0.5131
45.19, 63.1881, -0.8482
45.21, 63.1686, -1.0472
45.23, 63.1371, -1.0263
45.25, 63.0959, -1.2043
45.27, 63.0597, -1.4870
45.29, 63.0294, -1.5708
45.31, 62.9887, -1.5708
45.33, 62.9542, -1.7069
45.35, 62.9084, -1.7279
45.37, 62.8439, -1.9059
45.39, 62.7985, -2.3457
45.41, 62.7494, -2.3248
45.43, 62.6882, -2.3562
45.45, 62.6389, -2.5866
45.47, 62.5904, -2.5028
45.49, 62.5061, -2.5237
45.51, 62.4455, -3.0473
45.53, 62.3897, -3.0578
45.55, 62.3132, -2.9950
45.57, 62.2449, -3.2463
45.59, 62.1600, -3.2987
45.61, 62.0909, -3.6128
45.63, 62.0152, -3.5814
45.65, 61.9356, -3.5814
45.67, 61.8416, -3.7594
45.69, 61.7628, -4.0631
45.71, 61.6863, -4.0212
45.73, 61.5789, -3.9270
45.75, 61.4710, -4.3982
45.77, 61.4029, -4.6705
45.79, 61.3139, -4.2726
45.81, 61.1686, -4.4296
45.83, 61.0999, -5.1836
45.85, 61.0230, -4.7333
45.87, 60.8545, -4.4820
45.89, 60.7632, -5.6130
45.91, 60.7009, -5.3826
45.93, 60.5360, -4.7124
45.95, 60.4374, -5.7072
45.97, 60.3542, -5.4768
45.99, 60.1784, -5.1103
46.01, 60.1003, -6.1366
46.03, 59.9736, -5.5501
46.05, 59.8315, -5.8015
46.07, 59.7458, -6.1052
46.09, 59.5671, -5.6653
46.11, 59.4683, -6.6183
46.13, 59.3293, -6.1261
46.15, 59.1968, -6.3774
46.17, 59.0668, -6.4403
46.19, 58.9015, -6.4088
46.21, 58.7979, -6.9534
46.23, 58.6227, -6.4926
46.25, 58.5285, -7.1209
46.27, 58.3331, -6.5031
46.29, 58.2190, -7.4351
46.31, 58.0509, -6.9743
46.33, 57.9230, -7.3723
46.35, 57.7613, -7.0895
46.37, 57.5931, -7.4560
46.39, 57.4566, -7.6445
46.41, 57.2938, -7.4037
46.43, 57.1429, -7.5503
46.45, 56.9705, -7.6445
46.47, 56.8187, -7.8959
46.49, 56.6528, -7.8016
46.51, 56.4954, -7.9587
46.53, 56.3180, -8.0111
46.55, 56.1586, -8.1263
46.57, 55.9924, -8.1472
46.59, 55.8106, -8.1472
46.61, 55.6570, -8.4509
46.63, 55.4651, -8.2624
46.65, 55.3145, -8.5870
46.67, 55.1119, -8.2938
46.69, 54.9563, -8.7965
46.71, 54.7753, -8.5137
46.73, 54.5834, -8.6917
46.75, 54.4177, -8.8593
46.77, 54.2177, -8.8279
46.79, 54.0724, -9.0373
46.81, 53.8501, -8.6708
46.83, 53.6883, -9.2572
46.85, 53.5057, -9.0059
46.87, 53.3004, -8.9012
46.89, 53.1297, -9.3619
46.91, 52.9287, -9.0897
46.93, 52.7629, -9.3305
46.95, 52.5566, -9.1735
46.97, 52.3525, -9.4248
46.99, 52.2010, -9.5086
47.01, 51.9663, -9.0897
47.03, 51.7857, -9.7180
47.05, 51.6191, -9.5609
47.07, 51.3800, -9.2363
47.09, 51.2177, -9.8646
47.11, 51.0129, -9.5295
47.13, 50.8183, -9.5714
47.15, 50.6313, -9.6761
47.17, 50.4120, -9.6866
47.19, 50.2442, -9.8541
47.21, 50.0300, -9.5819
47.23, 49.8275, -9.8960
47.25, 49.6484, -9.8541
47.27, 49.4279, -9.6761
47.29, 49.2352, -10.0217
47.31, 49.0461, -9.9170
47.33, 48.8241, -9.6970
47.35, 48.6377, -10.1473
47.37, 48.4471, -9.9379
47.39, 48.2076, -9.7389
47.41, 48.0388, -10.1997
47.43, 47.8379, -9.8855
47.45, 47.6166, -9.8227
47.47, 47.4400, -10.1473
47.49, 47.2362, -9.9274
47.51, 47.0179, -9.8855
47.53, 46.8331, -10.0950
47.55, 46.6252, -9.9065
47.57, 46.4168, -10.0217
47.59, 46.2341, -10.0426
47.61, 46.0168, -9.9274
47.63, 45.8281, -10.0322
47.65, 45.6367, -9.9274
47.67, 45.4084, -9.9065
47.69, 45.2483, -10.1369
47.71, 45.0183, -9.6866
47.73, 44.8235, -10.0531
47.75, 44.6437, -10.0007
47.77, 44.4205, -9.6447
47.79, 44.2306, -10.1055
47.81, 44.0502, -9.8751
47.83, 43.8299, -9.6761
47.85, 43.6565, -10.0007
47.87, 43.4509, -9.6970
47.89, 43.2511, -9.7599
47.91, 43.0688, -9.8437
47.93, 42.8565, -9.6237
47.95, 42.6822, -9.7389
47.97, 42.4828, -9.5714
47.99, 42.2830, -9.5923
48.01, 42.1257, -9.6761
48.03, 41.8962, -9.3096
48.05, 41.7288, -9.7285
48.07, 41.5530, -9.4248
48.09, 41.3357, -9.2258
48.11, 41.1656, -9.5819
48.13, 40.9741, -9.2677
48.15, 40.8038, -9.3201
48.17, 40.6128, -9.2049
48.19, 40.4230, -9.1630
48.21, 40.2719, -9.2782
48.23, 40.0519, -8.7860
48.25, 39.8979, -9.2991
48.27, 39.7169, -8.9012
48.29, 39.5350, -8.7860
48.31, 39.3660, -8.9117
48.33, 39.1794, -8.7441
48.35, 39.0393, -8.9117
48.37, 38.8280, -8.3252
48.39, 38.6836, -8.9535
48.41, 38.5033, -8.4404
48.43, 38.3676, -8.5870
48.45, 38.1576, -8.1158
48.47, 38.0270, -8.7127
48.49, 37.8433, -8.1472
48.51, 37.7106, -8.3462
48.53, 37.5150, -7.9063
48.55, 37.3894, -8.3357
48.57, 37.2124, -7.8121
48.59, 37.0799, -8.0006
48.61, 36.9003, -7.6655
48.63, 36.7701, -7.9901
48.65, 36.6025, -7.5294
48.67, 36.4769, -7.7702
48.69, 36.2980, -7.2990
48.71, 36.1823, -7.7807
48.73, 36.0146, -7.1419
48.75, 35.9056, -7.4770
48.77, 35.7384, -6.9220
48.79, 35.6055, -7.2676
48.81, 35.4863, -7.1105
48.83, 35.3298, -6.7544
48.85, 35.2314, -7.0372
48.87, 35.0567, -6.3879
48.89, 34.9597, -7.0686
48.91, 34.8270, -6.3355
48.93, 34.6978, -6.4403
48.95, 34.6082, -6.3774
48.97, 34.4334, -5.8957
48.99, 34.3476, -6.6392
49.01, 34.2376, -5.9586
49.03, 34.1007, -5.8224
49.05, 34.0261, -6.0842
49.07, 33.8884, -5.3826
49.09, 33.7755, -5.8329
49.11, 33.7037, -5.7491
49.13, 33.5616, -5.0789
49.15, 33.4690, -5.6339
49.17, 33.4077, -5.2360
49.19, 33.2573, -4.6600
49.21, 33.1595, -5.4978
49.23, 33.1143, -5.2779
49.25, 33.0071, -4.2830
49.27, 32.8719, -4.7229
49.29, 32.8343, -5.2046
49.31, 32.7789, -4.1993
49.33, 32.6497, -3.7909
49.35, 32.5490, -4.6077
49.37, 32.5239, -4.7124
49.39, 32.4562, -3.6442
49.41, 32.3628, -3.5186
49.43, 32.2679, -3.9165
49.45, 32.2416, -4.0841
49.47, 32.1852, -3.2673
49.49, 32.1139, -3.0578
49.51, 32.0424, -3.2568
49.53, 31.9760, -3.3720
49.55, 31.9379, -3.3301
49.57, 31.8903, -2.8798
49.59, 31.8447, -2.6808
49.61, 31.7937, -2.5656
49.63, 31.7379, -2.5656
49.65, 31.7016, -2.6075
49.67, 31.6589, -2.3771
49.69, 31.6223, -2.2724
49.71, 31.5925, -2.1258
49.73, 31.5628, -1.9268
49.75, 31.5362, -1.7698
49.77, 31.5045, -1.6232
49.79, 31.4598, -1.5917
49.81, 31.4274, -1.8117
49.83, 31.4238, -1.7488
49.85, 31.4201, -1.2462
49.87, 31.4033, -0.9111
49.89, 31.3858, -0.8796
49.91, 31.3766, -0.8587
49.93, 31.3697, -0.7226
49.95, 31.3634, -0.5969
49.97, 31.3605, -0.5131
49.99, 31.3605, -0.3979
50.01, 31.3605, -0.2618
50.03, 31.3611, -0.1780
50.05, 31.3609, -0.1257
50.07, 31.3605, -0.0838
50.09, 31.3615, -0.0524
50.11, 31.3643, -0.0209
50.13, 31.3814, 0.0314
50.15, 31.4033, 0.3246
50.17, 31.4259, 0.5655
50.19, 31.4466, 0.7330
50.21, 31.4754, 0.8482
50.23, 31.5049, 1.0158
50.25, 31.5479, 1.1833
50.27, 31.5879, 1.4765
50.29, 31.6127, 1.6441
50.31, 31.6554, 1.5289
50.33, 31.6984, 1.6860
50.35, 31.7406, 1.8431
50.37, 31.7898, 1.9268
50.39, 31.8338, 2.0944
50.41, 31.8970, 2.1153
50.43, 31.9645, 2.4609
50.45, 32.0015, 2.7437
50.47, 32.0577, 2.4819
50.49, 32.1260, 2.5656
50.51, 32.1908, 2.8274
50.53, 32.2773, 2.9531
50.55, 32.3337, 3.3510
50.57, 32.3891, 3.2149
50.59, 32.4690, 3.0473
50.61, 32.5557, 3.3510
50.63, 32.6474, 3.7071
50.65, 32.7018, 3.9479
50.67, 32.7772, 3.5709
50.69, 32.8917, 3.6442
50.71, 33.0023, 4.2516
50.73, 33.0431, 4.5763
50.75, 33.1298, 3.8746
50.77, 33.2779, 4.0212
50.79, 33.3668, 5.0265
50.81, 33.4127, 4.8066
50.83, 33.5622, 4.0841
50.85, 33.6817, 5.0789
50.87, 33.7344, 5.3931
50.89, 33.8600, 4.5029
50.91, 33.9917, 5.0999
50.93, 34.0621, 5.5292
50.95, 34.2194, 4.9637
50.97, 34.3219, 5.8015
50.99, 34.4146, 5.6235
51.01, 34.5800, 5.2883
51.03, 34.6656, 6.1261
51.05, 34.8079, 5.6339
51.07, 34.9361, 6.0423
51.09, 35.0397, 6.1889
51.11, 35.2021, 5.8957
51.13, 35.3018, 6.5240
51.15, 35.4692, 6.0737
51.17, 35.5864, 6.7754
51.19, 35.7244, 6.4403
51.21, 35.8713, 6.6183
51.23, 35.9967, 6.8487
51.25, 36.1743, 6.6602
51.27, 36.2809, 7.2676
51.29, 36.4621, 6.7335
51.31, 36.5704, 7.3513
51.33, 36.7628, 6.9010
51.35, 36.8826, 7.6027
51.37, 37.0571, 7.1838
51.39, 37.1890, 7.5503
51.41, 37.3737, 7.3618
51.43, 37.5033, 7.8330
51.45, 37.6851, 7.4979
51.47, 37.8216, 7.8854
51.49, 38.0153, 7.6655
51.51, 38.1518, 8.1891
51.53, 38.3423, 7.7493
51.55, 38.4853, 8.2624
51.57, 38.6834, 7.9587
51.59, 38.8149, 8.4928
51.61, 39.0188, 8.0215
51.63, 39.1633, 8.5870
51.65, 39.3635, 8.2414
51.67, 39.5167, 8.6708
51.69, 39.7052, 8.4195
51.71, 39.8903, 8.5556
51.73, 40.0485, 8.8069
51.75, 40.2538, 8.5347
51.77, 40.4040, 8.9954
51.79, 40.6124, 8.7022
51.81, 40.7792, 9.1316
51.83, 40.9582, 8.8698
51.85, 41.1681, 8.9117
51.87, 41.3332, 9.2886
51.89, 41.5311, 8.9745
51.91, 41.7194, 9.2363
51.93, 41.8977, 9.3096
51.95, 42.1071, 9.2363
51.97, 42.2669, 9.4981
51.99, 42.4880, 9.1735
52.01, 42.6671, 9.6237
52.03, 42.8475, 9.4457
52.05, 43.0661, 9.3305
52.07, 43.2383, 9.7704
52.09, 43.4394, 9.4248
52.11, 43.6532, 9.5923
52.13, 43.8210, 9.7913
52.15, 44.0414, 9.5295
52.17, 44.2297, 9.7599
52.19, 44.4176, 9.7704
52.21, 44.6346, 9.6761
52.23, 44.8103, 9.8960
52.25, 45.0245, 9.7180
52.27, 45.2245, 9.8960
52.29, 45.4059, 9.9065
52.31, 45.6360, 9.6552
52.33, 45.8176, 10.1578
52.35, 46.0135, 9.8437
52.37, 46.2377, 9.7704
52.39, 46.4074, 10.1578
52.41, 46.6199, 9.7913
52.43, 46.8388, 9.8646
52.45, 47.0155, 10.2102
52.47, 47.2233, 9.8122
52.49, 47.4394, 9.9693
52.51, 47.6149, 10.1369
52.53, 47.8294, 9.8437
52.55, 48.0388, 9.9484
52.57, 48.2208, 10.0950
52.59, 48.4379, 9.8437
52.61, 48.6385, 10.0845
52.63, 48.8216, 10.0112
52.65, 49.0427, 9.8855
52.67, 49.2200, 10.0636
52.69, 49.4346, 9.8437
52.71, 49.6361, 9.9379
52.73, 49.8231, 9.9798
52.75, 50.0306, 9.8122
52.77, 50.2273, 9.9798
52.79, 50.4060, 9.8960
52.81, 50.6381, 9.6970
52.83, 50.8093, 10.0426
52.85, 51.0060, 9.7389
52.87, 51.2235, 9.6447
52.89, 51.3895, 9.9588
52.91, 51.6010, 9.5295
52.93, 51.7928, 9.8018
52.95, 51.9715, 9.7075
52.97, 52.1888, 9.5295
52.99, 52.3456, 9.7599
53.01, 52.5658, 9.3829
53.03, 52.7437, 9.6552
53.05, 52.9228, 9.4667
53.07, 53.1406, 9.2677
53.09, 53.3000, 9.7075
53.11, 53.4931, 9.2049
53.13, 53.6883, 9.3724
53.15, 53.8530, 9.3724
53.17, 54.0520, 9.1525
53.19, 54.2135, 9.2991
53.21, 54.4166, 8.9431
53.23, 54.5889, 9.2886
53.25, 54.7563, 8.9850
53.27, 54.9604, 8.8802
53.29, 55.1065, 9.1316
53.31, 55.3082, 8.7232
53.33, 55.4501, 8.9535
53.35, 55.6541, 8.5242
53.37, 55.8004, 8.9431
53.39, 55.9832, 8.4718
53.41, 56.1537, 8.6080
53.43, 56.3149, 8.4928
53.45, 56.4871, 8.4404
53.47, 56.6382, 8.3881
53.49, 56.8206, 8.2310
53.51, 56.9615, 8.3881
53.53, 57.1350, 8.0529
53.55, 57.2781, 8.1472
53.57, 57.4628, 7.8749
53.59, 57.5910, 8.1367
53.61, 57.7602, 7.6969
53.63, 57.9005, 7.8749
53.65, 58.0478, 7.6027
53.67, 58.2139, 7.6236
53.69, 58.3241, 7.6341
53.71, 58.5057, 7.1838
53.73, 58.6094, 7.5712
53.75, 58.7977, 6.9639
53.77, 58.8932, 7.5398
53.79, 59.0650, 6.8068
53.81, 59.1747, 7.2257
53.83, 59.3279, 6.7230
53.85, 59.4578, 6.9743
53.87, 59.5638, 6.8906
53.89, 59.7251, 6.3670
53.91, 59.8190, 6.8487
53.93, 59.9707, 6.1785
53.95, 60.0846, 6.5764
53.97, 60.1864, 6.2413
53.99, 60.3356, 5.9586
54.01, 60.4171, 6.2937
54.03, 60.5617, 5.6758
54.05, 60.6704, 6.0737
54.07, 60.7498, 5.9167
54.09, 60.8919, 5.2569
54.11, 60.9931, 5.8748
54.13, 61.0637, 5.4978
54.15, 61.2127, 4.9114
54.17, 61.3084, 5.6549
54.19, 61.3548, 5.4350
54.21, 61.4850, 4.4192
54.23, 61.6037, 5.0789
54.25, 61.6443, 5.2779
54.27, 61.7291, 4.2935
54.29, 61.8658, 4.2516
54.31, 61.9323, 5.0161
54.33, 61.9753, 4.4296
54.35, 62.0639, 3.7490
54.37, 62.1726, 3.9584
54.39, 62.2211, 4.3563
54.41, 62.2811, 3.7699
54.43, 62.3601, 3.4872
54.45, 62.4368, 3.6547
54.47, 62.4988, 3.6861
54.49, 62.5477, 3.4872
54.51, 62.6079, 3.1311
54.53, 62.6735, 3.0892
54.55, 62.7237, 3.1206
54.57, 62.7745, 2.9426
54.59, 62.8299, 2.8065
54.61, 62.8719, 2.7751
54.63, 62.9089, 2.5237
54.65, 62.9622, 2.3248
54.67, 63.0134, 2.4086
54.69, 63.0384, 2.4609
54.71, 63.0698, 2.0839
54.73, 63.1070, 1.8745
54.75, 63.1321, 1.8850
54.77, 63.1636, 1.6546
54.79, 63.1918, 1.6336
54.81, 63.2058, 1.5499
54.83, 63.2257, 1.2881
54.85, 63.2411, 1.1519
54.87, 63.2606, 1.0472
54.89, 63.2821, 1.0158
54.91, 63.2896, 1.0053
54.93, 63.2915, 0.7854
54.95, 63.2976, 0.5760
54.97, 63.3022, 0.4817
54.99, 63.3022, 0.3979
55.01, 63.3028, 0.2618
55.03, 63.3022, 0.1780
55.05, 63.3022, 0.1047
55.07, 63.3022, 0.0628
55.09, 63.3016, 0.0419
55.11, 63.3003, 0.0209
55.13, 63.2836, -0.0314
55.15, 63.2627, -0.2723
55.17, 63.2374, -0.5236
55.19, 63.2027, -0.7645
55.21, 63.1764, -1.0996
55.23, 63.1544, -1.1624
55.25, 63.1133, -1.1624
55.27, 63.0725, -1.4242
55.29, 63.0434, -1.6127
55.31, 63.0040, -1.5917
55.33, 62.9676, -1.6965
55.35, 62.9260, -1.7593
55.37, 62.8664, -1.8326
55.39, 62.8079, -2.2096
55.41, 62.7651, -2.4190
55.43, 62.7026, -2.3562
55.45, 62.6505, -2.6075
55.47, 62.6044, -2.6180
55.49, 62.5275, -2.5237
55.51, 62.4562, -2.9007
55.53, 62.4075, -3.0997
55.55, 62.3304, -2.9322
55.57, 62.2620, -3.2254
55.59, 62.1782, -3.2882
55.61, 62.1017, -3.5709
55.63, 62.0324, -3.6652
55.65, 61.9529, -3.5814
55.67, 61.8549, -3.7594
55.69, 61.7745, -4.0527
55.71, 61.7024, -4.0212
55.73, 61.6041, -3.9165
55.75, 61.4875, -4.2621
55.77, 61.4171, -4.7019
55.79, 61.3327, -4.3982
55.81, 61.1960, -4.3249
55.83, 61.1082, -5.1208
55.85, 61.0399, -4.8904
55.87, 60.8859, -4.4506
55.89, 60.7692, -5.3512
55.91, 60.7122, -5.4664
55.93, 60.5625, -4.7229
55.95, 60.4451, -5.5920
55.97, 60.3711, -5.6653
55.99, 60.2025, -5.0999
56.01, 60.1093, -6.0737
56.03, 59.9968, -5.6863
56.05, 59.8453, -5.7072
56.07, 59.7557, -6.1994
56.09, 59.5849, -5.6549
56.11, 59.4777, -6.5031
56.13, 59.3456, -6.1575
56.15, 59.2048, -6.3251
56.17, 59.0938, -6.5555
56.19, 58.9136, -6.3251
56.21, 58.8119, -6.9743
56.23, 58.6357, -6.4822
56.25, 58.5354, -7.0895
56.27, 58.3489, -6.5555
56.29, 58.2254, -7.3827
56.31, 58.0628, -7.0162
56.33, 57.9266, -7.3199
56.35, 57.7759, -7.1314
56.37, 57.6031, -7.3199
56.39, 57.4723, -7.6969
56.41, 57.3038, -7.4037
56.43, 57.1623, -7.6131
56.45, 56.9751, -7.5294
56.47, 56.8346, -7.9692
56.49, 56.6630, -7.7178
56.51, 56.5076, -7.9901
56.53, 56.3297, -7.9168
56.55, 56.1700, -8.2100
56.57, 56.0054, -8.1158
56.59, 55.8279, -8.1681
56.61, 55.6639, -8.4090
56.63, 55.4764, -8.2729
56.65, 55.3260, -8.5870
56.67, 55.1226, -8.3147
56.69, 54.9663, -8.8488
56.71, 54.7803, -8.5451
56.73, 54.6003, -8.6917
56.75, 54.4235, -8.8069
56.77, 54.2359, -8.8174
56.79, 54.0800, -8.9850
56.81, 53.8628, -8.6708
56.83, 53.6961, -9.2677
56.85, 53.5188, -9.0268
56.87, 53.3100, -8.9640
56.89, 53.1435, -9.3410
56.91, 52.9424, -9.1001
56.93, 52.7713, -9.3829
56.95, 52.5688, -9.1316
56.97, 52.3686, -9.4353
56.99, 52.2148, -9.5086
57.01, 51.9784, -9.1106
57.03, 51.8058, -9.7494
57.05, 51.6231, -9.5400
57.07, 51.4007, -9.3305
57.09, 51.2296, -9.8018
57.11, 51.0223, -9.5190
57.13, 50.8367, -9.6970
57.15, 50.6360, -9.6342
57.17, 50.4268, -9.6866
57.19, 50.2567, -9.8751
57.21, 50.0386, -9.5819
57.23, 49.8409, -9.9379
57.25, 49.6544, -9.8437
57.27, 49.4377, -9.6866
57.29, 49.2350, -10.0217
57.31, 49.0599, -9.9274
57.33, 48.8339, -9.7075
57.35, 48.6429, -10.1369
57.37, 48.4586, -9.9170
57.39, 48.2321, -9.8018
57.41, 48.0534, -10.1788
57.43, 47.8546, -9.8960
57.45, 47.6379, -9.8855
57.47, 47.4444, -10.0531
57.49, 47.2444, -9.9379
57.51, 47.0331, -10.0112
57.53, 46.8519, -10.0845
57.55, 46.6337, -9.8960
57.57, 46.4467, -10.0531
57.59, 46.2438, -9.9065
57.61, 46.0285, -9.9379
57.63, 45.8538, -10.0845
57.65, 45.6410, -9.8751
57.67, 45.4289, -9.9379
57.69, 45.2622, -10.1473
57.71, 45.0302, -9.6761
57.73, 44.8316, -10.1264
57.75, 44.6665, -9.9903
57.77, 44.4368, -9.6133
57.79, 44.2483, -10.1159
57.81, 44.0648, -9.8437
57.83, 43.8410, -9.7180
57.85, 43.6715, -9.9903
57.87, 43.4621, -9.6970
57.89, 43.2692, -9.7599
57.91, 43.0814, -9.7494
57.93, 42.8778, -9.6342
57.95, 42.7002, -9.7913
57.97, 42.4993, -9.5190
57.99, 42.2985, -9.6656
58.01, 42.1403, -9.6656
58.03, 41.9091, -9.2991
58.05, 41.7484, -9.7704
58.07, 41.5605, -9.3829
58.09, 41.3566, -9.2258
58.11, 41.1860, -9.5400
58.13, 40.9909, -9.2363
58.15, 40.8170, -9.3724
58.17, 40.6260, -9.1420
58.19, 40.4327, -9.3096
58.21, 40.2887, -9.2468
58.23, 40.0629, -8.7860
58.25, 39.9135, -9.3201
58.27, 39.7281, -8.9012
58.29, 39.5561, -8.8698
58.31, 39.3770, -8.8698
58.33, 39.1902, -8.8488
58.35, 39.0540, -8.9221
58.37, 38.8412, -8.4195
58.39, 38.7033, -8.9117
58.41, 38.5139, -8.4823
58.43, 38.3775, -8.6184
58.45, 38.1758, -8.1263
58.47, 38.0406, -8.6917
58.49, 37.8581, -8.1263
58.51, 37.7225, -8.3671
58.53, 37.5308, -7.9063
58.55, 37.4038, -8.3671
58.57, 37.2270, -7.8226
58.59, 37.0960, -8.0320
58.61, 36.9133, -7.6550
58.63, 36.7839, -8.0006
58.65, 36.6165, -7.5084
58.67, 36.4932, -7.7807
58.69, 36.3171, -7.2780
58.71, 36.1986, -7.7493
58.73, 36.0351, -7.1838
58.75, 35.9102, -7.4560
58.77, 35.7576, -6.9953
58.79, 35.6109, -7.2571
58.81, 35.5035, -7.1419
58.83, 35.3388, -6.6602
58.85, 35.2470, -7.0476
58.87, 35.0730, -6.3670
58.89, 34.9699, -6.9953
58.91, 34.8475, -6.4822
58.93, 34.7049, -6.4088
58.95, 34.6205, -6.4717
58.97, 34.4477, -5.8853
58.99, 34.3565, -6.6183
59.01, 34.2533, -6.0633
59.03, 34.1118, -5.7596
59.05, 34.0341, -6.1470
59.07, 33.9062, -5.4245
59.09, 33.7827, -5.7282
59.11, 33.7145, -5.8224
59.13, 33.5762, -5.1103
59.15, 33.4782, -5.5816
59.17, 33.4171, -5.4245
59.19, 33.2825, -4.6286
59.21, 33.1655, -5.3512
59.23, 33.1273, -5.4350
59.25, 33.0316, -4.3459
59.27, 32.8922, -4.4820
59.29, 32.8397, -5.2465
59.31, 32.7893, -4.3563
59.33, 32.6711, -3.8013
59.35, 32.5590, -4.4087
59.37, 32.5310, -4.8066
59.39, 32.4719, -3.6861
59.41, 32.3808, -3.4453
59.43, 32.2840, -3.8118
59.45, 32.2439, -4.1364
59.47, 32.2013, -3.4558
59.49, 32.1291, -3.0159
59.51, 32.0548, -3.2254
59.53, 31.9875, -3.3301
59.55, 31.9455, -3.3510
59.57, 31.9057, -2.9112
59.59, 31.8541, -2.6285
59.61, 31.8088, -2.5761
59.63, 31.7505, -2.5133
59.65, 31.7124, -2.6075
59.67, 31.6721, -2.3981
59.69, 31.6316, -2.2619
59.71, 31.6031, -2.1572
59.73, 31.5737, -1.9478
59.75, 31.5486, -1.7488
59.77, 31.5222, -1.6022
59.79, 31.4915, -1.4975
59.81, 31.4602, -1.5184
59.83, 31.4384, -1.5289
59.85, 31.4282, -1.3823
59.87, 31.4159, -1.0891
59.89, 31.4058, -0.9425
59.91, 31.3946, -0.7959
59.93, 31.3870, -0.7121
59.95, 31.3833, -0.6074
59.97, 31.3812, -0.4712
59.99, 31.3801, -0.3456
60.01, 31.3803, -0.2409
60.03, 31.3810, -0.1676
60.05, 31.3805, -0.1047
60.07, 31.3818, -0.0628
60.09, 31.3822, -0.0419
60.11, 31.3843, -0.0209
60.13, 31.3975, 0.0209
60.15, 31.4223, 0.2199
60.17, 31.4391, 0.5550
60.19, 31.4658, 0.6597
60.21, 31.4921, 0.8692
60.23, 31.5289, 1.0263
60.25, 31.5716, 1.2776
60.27, 31.6008, 1.5394
60.29, 31.6313, 1.5184
60.31, 31.6744, 1.5184
60.33, 31.7151, 1.7383
60.35, 31.7618, 1.8117
60.37, 31.8067, 1.9792
60.39, 31.8516, 2.0630
60.41, 31.9231, 2.1468
60.43, 31.9801, 2.5970
60.45, 32.0169, 2.6389
60.47, 32.0788, 2.4086
60.49, 32.1459, 2.6599